ID,Rating,Rarity,Element,Name,Series,2nd Series,Weapon,2nd Weapon,Race,2nd Race,Type,URL
4440,10.0,SSR,Fire,Michael,Grand,-,Sabre,-,Primal,-,Attack,https://gbf.wiki/Michael
4425,10.0,SSR,Fire,Percival,Grand,-,Sabre,-,Human,-,Attack,https://gbf.wiki/Percival_(Grand)
4499,10.0,SSR,Fire,Zeta,Grand,-,Spear,-,Human,-,Attack,https://gbf.wiki/Zeta_(Grand)
4492,10.0,SSR,Water,Gabriel,Grand,-,Staff,-,Primal,-,Defense,https://gbf.wiki/Gabriel
4502,10.0,SSR,Water,Payila,Zodiac,-,Staff,-,Draph,-,Attack,https://gbf.wiki/Payila
4348,10.0,SSR,Water,Poseidon,Grand,-,Spear,-,Primal,-,Attack,https://gbf.wiki/Poseidon
4501,10.0,SSR,Earth,Uriel,Grand,-,Melee,-,Primal,-,Attack,https://gbf.wiki/Uriel
4127,10.0,SSR,Wind,Korwa,Summer,-,Staff,-,Erune,-,Special,https://gbf.wiki/Korwa_(Summer)
4427,10.0,SSR,Wind,Lich,Halloween,-,Staff,-,Primal,-,Special,https://gbf.wiki/Lich_(Halloween)
4335,10.0,SSR,Wind,Narmaya,Grand,-,Katana,-,Draph,-,Attack,https://gbf.wiki/Narmaya_(Grand)
4478,10.0,SSR,Wind,Vania,Yukata,-,Staff,Dagger,Other,-,Attack,https://gbf.wiki/Vania_(Yukata)
4429,10.0,SSR,Light,Florence,Halloween,-,Staff,-,Human,-,Special,https://gbf.wiki/Florence_(Halloween)
4341,10.0,SSR,Light,Nehan,Grand,-,Gun,Melee,Erune,-,Special,https://gbf.wiki/Nehan
4456,10.0,SSR,Dark,Ilsa,Yukata,-,Gun,Bow,Erune,-,Attack,https://gbf.wiki/Ilsa_(Yukata)
4357,10.0,SSR,Dark,Lich,Grand,-,Staff,-,Primal,-,Special,https://gbf.wiki/Lich
4381,9.9,SSR,Fire,Wilnas,Grand,-,Melee,Axe,Human,-,Attack,https://gbf.wiki/Wilnas
4389,9.8,SSR,Fire,Medusa,Summer,-,Staff,Melee,Primal,-,Defense,https://gbf.wiki/Medusa_(Summer)
4292,9.8,SSR,Fire,Mimlemel,Summer,-,Melee,Harp,Harvin,-,Special,https://gbf.wiki/Mimlemel_(Summer)
4306,9.8,SSR,Fire,Nemone,Holiday,-,Spear,Axe,Erune,-,Balanced,https://gbf.wiki/Nemone_(Holiday)
4481,9.8,SSR,Fire,Ragazzo,Permanent,-,Melee,-,Human,-,Attack,https://gbf.wiki/Ragazzo
4202,9.7,SSR,Fire,Athena,Permanent,-,Spear,-,Primal,-,Defense,https://gbf.wiki/Athena
4356,9.7,SSR,Fire,Elmott,Permanent,-,Staff,-,Erune,-,Attack,https://gbf.wiki/Elmott_(SSR)
4450,9.7,SSR,Fire,Hekate,Permanent,-,Staff,-,Other,-,Attack,https://gbf.wiki/Hekate
4329,9.7,SSR,Fire,Kumbhira,Summer,Zodiac,Spear,Axe,Draph,-,Attack,https://gbf.wiki/Kumbhira_(Summer)
4455,9.7,SSR,Fire,Nezha,Yukata,-,Spear,-,Primal,-,Attack,https://gbf.wiki/Nezha_(Yukata)
4498,9.7,SSR,Fire,Noa,Holiday,-,Staff,Gun,Primal,-,Defense,https://gbf.wiki/Noa_(Holiday)
4027,9.6,SSR,Fire,Anila,Zodiac,-,Spear,Melee,Draph,-,Balanced,https://gbf.wiki/Anila
4436,9.6,SSR,Fire,Cain,Holiday,-,Katana,-,Human,-,Special,https://gbf.wiki/Cain_(Holiday)
4475,9.6,SSR,Fire,Dorothy and Claudia,Summer,-,Gun,Melee,Human,-,Special,https://gbf.wiki/Dorothy_and_Claudia_(Summer)
4416,9.6,SSR,Fire,Luffy,Tie-In / Collab,-,Melee,-,Human,-,Attack,https://gbf.wiki/Luffy
4280,9.6,SSR,Fire,Satyr,Permanent,-,Staff,Sabre,Primal,-,Defense,https://gbf.wiki/Satyr
4196,9.6,SSR,Fire,Shiva,Grand,-,Spear,Staff,Primal,-,Attack,https://gbf.wiki/Shiva
4237,9.6,SSR,Fire,Siegfried,Permanent,-,Sabre,Katana,Human,-,Special,https://gbf.wiki/Siegfried_(Fire)
4385,9.6,SSR,Fire,Vira,Valentine,-,Sabre,-,Human,-,Defense,https://gbf.wiki/Vira_(Valentine)
4017,9.5,SSR,Fire,Agielba,Permanent,-,Sabre,-,Draph,-,Defense,https://gbf.wiki/Agielba
4422,9.5,SSR,Fire,Anderson,Permanent,-,Spear,Axe,Human,-,Defense,https://gbf.wiki/Anderson
4103,9.5,SSR,Fire,Anthuria,Permanent,-,Melee,Harp,Erune,-,Special,https://gbf.wiki/Anthuria
4300,9.5,SSR,Fire,Azazel,Halloween,-,Dagger,Spear,Primal,-,Attack,https://gbf.wiki/Azazel_(Halloween)
4110,9.5,SSR,Fire,Beatrix,Summer,-,Sabre,-,Human,-,Special,https://gbf.wiki/Beatrix_(Summer)
4343,9.5,SSR,Fire,Izmir,Yukata,-,Sabre,-,Draph,-,Attack,https://gbf.wiki/Izmir_(Yukata)
4339,9.5,SSR,Fire,Ms. Miranda,Permanent,-,Staff,-,Human,-,Heal,https://gbf.wiki/Ms._Miranda
4333,9.5,SSR,Fire,Shion,Permanent,-,Katana,-,Human,-,Attack,https://gbf.wiki/Shion
4391,9.5,SSR,Fire,Silva,Yukata,-,Gun,-,Human,-,Attack,https://gbf.wiki/Silva_(Yukata)
4115,9.5,SSR,Fire,Sturm,Grand,-,Sabre,-,Draph,-,Attack,https://gbf.wiki/Sturm_(Grand)
4006,9.5,SSR,Fire,Yuel,Permanent,-,Katana,Harp,Erune,-,Balanced,https://gbf.wiki/Yuel
4028,9.5,SSR,Fire,Zeta,Permanent,-,Spear,-,Human,-,Attack,https://gbf.wiki/Zeta
4132,9.8,SSR,Water,Anne,Permanent,-,Spear,Staff,Human,-,Defense,https://gbf.wiki/Anne
4225,9.8,SSR,Water,Cagliostro,Summer,-,Staff,-,Human,-,Heal,https://gbf.wiki/Cagliostro_(Summer)
4384,9.8,SSR,Water,Cassius,Valentine,-,Spear,Melee,Other,-,Balanced,https://gbf.wiki/Cassius_(Valentine)
4437,9.8,SSR,Water,Catura,Holiday,Zodiac,Spear,Melee,Draph,-,Attack,https://gbf.wiki/Catura_(Holiday)
4406,9.8,SSR,Water,Gwynne,Permanent,-,Sabre,Gun,Human,-,Attack,https://gbf.wiki/Gwynne
4351,9.8,SSR,Water,Helel ben Shalem,Summer,-,Spear,Staff,Other,-,Special,https://gbf.wiki/Helel_ben_Shalem_(Summer)
4374,9.8,SSR,Water,Lancelot,Grand,-,Sabre,Dagger,Human,-,Special,https://gbf.wiki/Lancelot_(Grand)
4147,9.8,SSR,Water,Vajra,Zodiac,-,Katana,Melee,Erune,-,Attack,https://gbf.wiki/Vajra
4323,9.8,SSR,Water,Zeta,Permanent,-,Spear,-,Human,-,Attack,https://gbf.wiki/Zeta_(Water)
4479,9.7,SSR,Water,Anila,Yukata,Zodiac,Spear,Melee,Draph,-,Attack,https://gbf.wiki/Anila_(Yukata)
4413,9.7,SSR,Water,Clarisse,Summer,-,Staff,-,Human,-,Attack,https://gbf.wiki/Clarisse_(Summer)
4286,9.7,SSR,Water,Lucio,Summer,-,Katana,Sabre,Other,-,Balanced,https://gbf.wiki/Lucio_(Summer)
4330,9.6,SSR,Water,Andira,Summer,Zodiac,Staff,Melee,Erune,-,Balanced,https://gbf.wiki/Andira_(Summer)
4379,9.6,SSR,Water,Cupitan,Permanent,-,Bow,-,Human,-,Attack,https://gbf.wiki/Cupitan
4314,9.6,SSR,Water,Filene,Permanent,-,Spear,-,Other,-,Special,https://gbf.wiki/Filene
4420,9.6,SSR,Water,Jeanne d'Arc,Summer,-,Sabre,-,Human,-,Attack,https://gbf.wiki/Jeanne_d%27Arc_(Water_Summer)
4283,9.6,SSR,Water,Kolulu,Summer,-,Spear,-,Human,-,Special,https://gbf.wiki/Kolulu_(Summer)
4488,9.6,SSR,Water,Vikala,Halloween,Zodiac,Axe,Melee,Human,-,Special,https://gbf.wiki/Vikala_(Halloween)
4138,9.6,SSR,Water,Yuel,Permanent,-,Katana,Harp,Erune,-,Special,https://gbf.wiki/Yuel_(Water)
4421,9.5,SSR,Water,Erika,Permanent,-,Gun,-,Human,-,Balanced,https://gbf.wiki/Erika
4327,9.5,SSR,Water,Isaac,Permanent,-,Gun,Melee,Human,-,Defense,https://gbf.wiki/Isaac
4293,9.5,SSR,Water,Juliet,Permanent,-,Spear,-,Human,-,Balanced,https://gbf.wiki/Juliet_(Water)
4465,9.5,SSR,Water,Korwa,Permanent,-,Staff,-,Erune,-,Special,https://gbf.wiki/Korwa_(Water)
4007,9.5,SSR,Water,Lily,Permanent,-,Staff,-,Other,-,Heal,https://gbf.wiki/Lily
4098,9.5,SSR,Water,Romeo,Permanent,-,Sabre,Staff,Human,-,Balanced,https://gbf.wiki/Romeo
4301,9.5,SSR,Water,Rosetta,Halloween,-,Dagger,Staff,Primal,-,Defense,https://gbf.wiki/Rosetta_(Halloween)
4224,9.5,SSR,Water,Sandalphon,Summer,-,Sabre,Katana,Primal,-,Balanced,https://gbf.wiki/Sandalphon_(Summer)
4044,9.5,SSR,Water,Societte,Permanent,-,Melee,Harp,Erune,-,Special,https://gbf.wiki/Societte
4268,9.5,SSR,Water,Sturm,Permanent,-,Sabre,-,Draph,-,Attack,https://gbf.wiki/Sturm
4117,9.5,SSR,Water,Vane,Permanent,-,Spear,Axe,Human,-,Defense,https://gbf.wiki/Vane_(SSR)
4064,9.5,SSR,Water,Yodarha,Permanent,-,Sabre,Katana,Harvin,-,Attack,https://gbf.wiki/Yodarha_(SSR)
4345,9.9,SSR,Earth,Illnott,Summer,-,Gun,-,Human,-,Special,https://gbf.wiki/Illnott_(Summer)
4369,9.8,SSR,Earth,Anthuria,Holiday,-,Melee,Harp,Erune,-,Heal,https://gbf.wiki/Anthuria_(Holiday)
4019,9.8,SSR,Earth,Arulumaya,Permanent,-,Staff,-,Harvin,-,Special,https://gbf.wiki/Arulumaya
4377,9.8,SSR,Earth,Cidala,Zodiac,-,Axe,-,Erune,-,Attack,https://gbf.wiki/Cidala
4361,9.8,SSR,Earth,Cucouroux,Halloween,-,Gun,-,Human,-,Special,https://gbf.wiki/Cucouroux_(Halloween)
4405,9.8,SSR,Earth,Galleon,Grand,-,Staff,-,Other,-,Balanced,https://gbf.wiki/Galleon
4107,9.8,SSR,Earth,Mahira,Zodiac,-,Harp,Melee,Harvin,-,Special,https://gbf.wiki/Mahira
4375,9.8,SSR,Earth,Satyr,Permanent,-,Sabre,Harp,Primal,-,Heal,https://gbf.wiki/Satyr_(Earth)
4408,9.8,SSR,Earth,Vikala,Summer,Zodiac,Axe,Melee,Human,-,Special,https://gbf.wiki/Vikala_(Summer)
4232,9.7,SSR,Earth,Alexiel,Summer,-,Sabre,Katana,Primal,-,Special,https://gbf.wiki/Alexiel_(Summer)
4321,9.7,SSR,Earth,Monika,Valentine,-,Sabre,Katana,Human,-,Balanced,https://gbf.wiki/Monika_(Valentine)
4249,9.7,SSR,Earth,Narmaya,Holiday,-,Katana,-,Draph,-,Attack,https://gbf.wiki/Narmaya_(Holiday)
4508,9.7,SSR,Earth,Olivia,Permanent,-,Sabre,-,Primal,-,Special,https://gbf.wiki/Olivia
4170,9.7,SSR,Earth,Soriz,Permanent,-,Melee,-,Human,-,Attack,https://gbf.wiki/Soriz_(SSR)
4002,9.6,SSR,Earth,Aletheia,Permanent,-,Sabre,Katana,Human,-,Attack,https://gbf.wiki/Aletheia
4305,9.6,SSR,Earth,Fiorito,Permanent,-,Melee,-,Human,-,Attack,https://gbf.wiki/Fiorito
4297,9.6,SSR,Earth,Golden Knight,Grand,-,Sabre,-,Erune,-,Attack,https://gbf.wiki/Golden_Knight
4497,9.6,SSR,Earth,Helel ben Shalem,Holiday,-,Spear,Staff,Other,-,Special,https://gbf.wiki/Helel_ben_Shalem_(Holiday)
4282,9.6,SSR,Earth,Pengy,Permanent,-,Gun,Melee,Human,-,Attack,https://gbf.wiki/Pengy_(SSR)
4312,9.6,SSR,Earth,Sandalphon,Grand,Fantasy,Sabre,Katana,Primal,-,Special,https://gbf.wiki/Sandalphon
4396,9.6,SSR,Earth,Skull and Balurga,Permanent,-,Gun,Melee,Harvin,-,Attack,https://gbf.wiki/Skull_and_Balurga
4444,9.5,SSR,Earth,Amelia,Permanent,-,Sabre,-,Human,-,Balanced,https://gbf.wiki/Amelia
4489,9.5,SSR,Earth,Dante,Halloween,-,Staff,Melee,Human,-,Attack,https://gbf.wiki/Dante_(Halloween)
4205,9.5,SSR,Earth,Dante and Freiheit,Permanent,-,Staff,Melee,Human,-,Attack,https://gbf.wiki/Dante_and_Freiheit
4434,9.5,SSR,Earth,Europa,Holiday,-,Staff,-,Primal,-,Balanced,https://gbf.wiki/Europa_(Holiday)
4217,9.5,SSR,Earth,Ladiva,Permanent,-,Melee,-,Draph,-,Attack,https://gbf.wiki/Ladiva_(SSR)
4340,9.5,SSR,Earth,Lennah,Permanent,-,Staff,-,Other,-,Balanced,https://gbf.wiki/Lennah_(Earth)
4247,9.5,SSR,Earth,Magisa,Holiday,-,Staff,Melee,Human,-,Special,https://gbf.wiki/Magisa_(Holiday)
4347,9.5,SSR,Earth,Metera,Summer,-,Bow,-,Erune,-,Attack,https://gbf.wiki/Metera_(Summer)
4477,9.5,SSR,Earth,Nobara Kugisaki and Maki Zen'in,Tie-In / Collab,-,Axe,Spear,Human,-,Attack,https://gbf.wiki/Nobara_Kugisaki_and_Maki_Zen%27in
4469,9.5,SSR,Earth,Pholia,Yukata,-,Staff,Melee,Erune,-,Special,https://gbf.wiki/Pholia_(Yukata)
4053,9.5,SSR,Earth,Vira,Summer,-,Sabre,-,Human,-,Special,https://gbf.wiki/Vira_(Summer)
4458,9.5,SSR,Earth,Yaia,Permanent,-,Sabre,-,Draph,-,Special,https://gbf.wiki/Yaia_(SSR)
4239,9.5,SSR,Earth,Zeta and Vaseraga,Halloween,-,Spear,Axe,Human,Draph,Balanced,https://gbf.wiki/Zeta_and_Vaseraga_(Halloween)
4452,9.9,SSR,Wind,Ewiyar,Grand,-,Melee,-,Other,-,Special,https://gbf.wiki/Ewiyar_(Grand)
4261,9.9,SSR,Wind,Grimnir,Valentine,-,Spear,Staff,Primal,-,Special,https://gbf.wiki/Grimnir_(Valentine)
4071,9.8,SSR,Wind,Andira,Zodiac,-,Staff,Melee,Erune,-,Balanced,https://gbf.wiki/Andira
4438,9.8,SSR,Wind,Charlotta,Grand,-,Sabre,-,Harvin,-,Defense,https://gbf.wiki/Charlotta_(Grand)
4474,9.7,SSR,Wind,Aliza,Summer,-,Melee,-,Draph,-,Attack,https://gbf.wiki/Aliza_(Summer)
4486,9.7,SSR,Wind,Kaguya,Grand,-,Staff,-,Primal,-,Special,https://gbf.wiki/Kaguya
4360,9.7,SSR,Wind,Vane,Halloween,-,Spear,Axe,Human,-,Defense,https://gbf.wiki/Vane_(Halloween)
4288,9.6,SSR,Wind,Anila,Summer,Zodiac,Spear,Melee,Draph,-,Special,https://gbf.wiki/Anila_(Summer)
4313,9.6,SSR,Wind,Catura,Zodiac,-,Spear,Melee,Draph,-,Attack,https://gbf.wiki/Catura
4212,9.6,SSR,Wind,Grimnir,Grand,-,Spear,Staff,Primal,-,Balanced,https://gbf.wiki/Grimnir
4047,9.6,SSR,Wind,Petra,Permanent,-,Staff,-,Human,-,Balanced,https://gbf.wiki/Petra_(SSR)
4447,9.6,SSR,Wind,Sandalphon,Valentine,-,Sabre,Katana,Primal,-,Balanced,https://gbf.wiki/Sandalphon_(Valentine)
4210,9.6,SSR,Wind,Yuel,Summer,-,Katana,Harp,Erune,-,Balanced,https://gbf.wiki/Yuel_(Summer)
4359,9.5,SSR,Wind,Azusa,Permanent,-,Katana,-,Draph,-,Attack,https://gbf.wiki/Azusa
4460,9.5,SSR,Wind,Caro,Permanent,-,Harp,-,Primal,-,Balanced,https://gbf.wiki/Caro
4457,9.5,SSR,Wind,Cinnamoroll and Pompompurin,Tie-In / Collab,-,Melee,-,Other,-,Heal,https://gbf.wiki/Cinnamoroll_and_Pompompurin
4403,9.5,SSR,Wind,Elea,Permanent,-,Sabre,Katana,Erune,-,Balanced,https://gbf.wiki/Elea
4102,9.5,SSR,Wind,Melissabelle,Permanent,-,Sabre,Axe,Harvin,-,Attack,https://gbf.wiki/Melissabelle
4246,9.5,SSR,Wind,Meteon,Holiday,-,Gun,Melee,Human,-,Special,https://gbf.wiki/Meteon_(Holiday)
4238,9.5,SSR,Wind,Monika,Grand,-,Sabre,Katana,Human,-,Balanced,https://gbf.wiki/Monika_(Grand)
4418,9.5,SSR,Wind,Nami and Robin,Tie-In / Collab,-,Staff,Melee,Human,-,Special,https://gbf.wiki/Nami_and_Robin
4332,9.5,SSR,Wind,Nezha,Permanent,-,Spear,-,Primal,-,Attack,https://gbf.wiki/Nezha
4068,9.5,SSR,Wind,Rosetta,Grand,-,Dagger,-,Primal,-,Special,https://gbf.wiki/Rosetta_(Grand)
4175,9.5,SSR,Wind,Selfira,Permanent,-,Harp,-,Erune,-,Special,https://gbf.wiki/Selfira
4410,9.5,SSR,Wind,Shion,Summer,-,Katana,-,Human,-,Defense,https://gbf.wiki/Shion_(Summer)
4338,9.5,SSR,Wind,Sho,Permanent,-,Melee,-,Human,-,Attack,https://gbf.wiki/Sho
4303,9.5,SSR,Wind,Sutera,Permanent,-,Bow,-,Erune,-,Attack,https://gbf.wiki/Sutera_(SSR)
4152,9.5,SSR,Wind,Tiamat,Permanent,-,Melee,Staff,Primal,-,Special,https://gbf.wiki/Tiamat
4259,9.5,SSR,Wind,Yodarha,Permanent,-,Sabre,Katana,Harvin,-,Attack,https://gbf.wiki/Yodarha_(Wind)
4496,9.9,SSR,Light,Illnott,Holiday,-,Gun,-,Human,-,Special,https://gbf.wiki/Illnott_(Holiday)
4322,9.8,SSR,Light,Aglovale,Valentine,-,Sabre,-,Human,-,Attack,https://gbf.wiki/Aglovale_(Valentine)
4073,9.8,SSR,Light,Ferry,Permanent,-,Dagger,-,Erune,-,Balanced,https://gbf.wiki/Ferry_(SSR)
4245,9.8,SSR,Light,Jeanne d'Arc,Grand,-,Sabre,Spear,Human,-,Balanced,https://gbf.wiki/Jeanne_d%27Arc_(Grand)
4197,9.8,SSR,Light,Kumbhira,Zodiac,-,Spear,Axe,Draph,-,Attack,https://gbf.wiki/Kumbhira
4441,9.8,SSR,Light,Makura,Zodiac,-,Katana,-,Erune,-,Attack,https://gbf.wiki/Makura
4428,9.8,SSR,Light,Mugen,Halloween,-,Melee,Harp,Draph,-,Defense,https://gbf.wiki/Mugen_(Halloween)
4141,9.8,SSR,Light,Vira,Grand,-,Axe,Spear,Primal,-,Defense,https://gbf.wiki/Vira_(Grand)
4473,9.8,SSR,Light,Yurius,Summer,-,Sabre,Spear,Human,-,Special,https://gbf.wiki/Yurius_(Summer)
4320,9.7,SSR,Light,Cagliostro,Grand,-,Staff,-,Human,-,Special,https://gbf.wiki/Cagliostro_(Grand)
4467,9.7,SSR,Light,Cosmos,Grand,-,Gun,Sabre,Primal,-,Balanced,https://gbf.wiki/Cosmos
4372,9.7,SSR,Light,Mahira,Holiday,Zodiac,Melee,Harp,Harvin,-,Special,https://gbf.wiki/Mahira_(Holiday)
4349,9.7,SSR,Light,Zahlhamelina,Yukata,-,Staff,-,Harvin,-,Special,https://gbf.wiki/Zahlhamelina_(Yukata)
4045,9.6,SSR,Light,Albert,Permanent,-,Sabre,-,Human,-,Attack,https://gbf.wiki/Albert
4223,9.6,SSR,Light,Halluel and Malluel,Summer,-,Dagger,-,Primal,-,Balanced,https://gbf.wiki/Halluel_and_Malluel_(Summer)
4065,9.6,SSR,Light,Io,Grand,-,Staff,-,Human,-,Balanced,https://gbf.wiki/Io_(Grand)
4096,9.6,SSR,Light,Juliet,Permanent,-,Spear,-,Human,-,Defense,https://gbf.wiki/Juliet
4449,9.6,SSR,Light,Lu Woh,Grand,-,Melee,Staff,Erune,-,Heal,https://gbf.wiki/Lu_Woh
4392,9.6,SSR,Light,Narmaya,Yukata,-,Katana,-,Draph,-,Attack,https://gbf.wiki/Narmaya_(Yukata)
4352,9.6,SSR,Light,Shiva,Summer,-,Spear,Staff,Primal,-,Attack,https://gbf.wiki/Shiva_(Summer)
4393,9.6,SSR,Light,You,Permanent,-,Melee,Katana,Erune,-,Attack,https://gbf.wiki/You
4390,9.6,SSR,Light,Yuni,Grand,-,Staff,-,Primal,-,Balanced,https://gbf.wiki/Yuni
4056,9.6,SSR,Light,Zeta,Summer,-,Spear,-,Human,-,Attack,https://gbf.wiki/Zeta_(Summer)
4124,9.5,SSR,Light,Baotorda,Permanent,-,Sabre,-,Draph,-,Defense,https://gbf.wiki/Baotorda_(SSR)
4004,9.5,SSR,Light,De La Fille,Permanent,-,Sabre,-,Human,-,Heal,https://gbf.wiki/De_La_Fille
4298,9.5,SSR,Light,Gawain,Permanent,-,Axe,Spear,Human,-,Attack,https://gbf.wiki/Gawain_(Light)
4240,9.5,SSR,Light,Hallessena,Halloween,-,Axe,-,Draph,-,Attack,https://gbf.wiki/Hallessena_(Halloween)
4106,9.5,SSR,Light,Lucio,Grand,-,Katana,Sabre,Other,-,Balanced,https://gbf.wiki/Lucio
4207,9.5,SSR,Light,Melissabelle,Valentine,-,Sabre,Axe,Harvin,-,Defense,https://gbf.wiki/Melissabelle_(Valentine)
4454,9.5,SSR,Light,Monika,Summer,-,Sabre,Katana,Human,-,Balanced,https://gbf.wiki/Monika_(Summer)
4315,9.5,SSR,Light,Nicholas,Permanent,-,Melee,Katana,Human,Other,Attack,https://gbf.wiki/Nicholas_(Light)
4255,9.5,SSR,Light,Noa,Grand,-,Staff,Gun,Primal,-,Special,https://gbf.wiki/Noa_(Grand)
4400,9.5,SSR,Light,Prishe,Tie-In / Collab,-,Melee,-,Other,-,Attack,https://gbf.wiki/Prishe
4153,9.5,SSR,Light,Sandalphon,Permanent,-,Sabre,Katana,Primal,-,Balanced,https://gbf.wiki/Sandalphon_(Event)
4480,9.5,SSR,Light,Seruel,Summer,-,Sabre,-,Erune,-,Balanced,https://gbf.wiki/Seruel_(Summer)
4415,9.5,SSR,Light,Sturm,Summer,-,Sabre,-,Draph,-,Special,https://gbf.wiki/Sturm_(Summer)
4337,9.5,SSR,Light,Tikoh,Permanent,-,Staff,-,Erune,-,Heal,https://gbf.wiki/Tikoh
4491,9.5,SSR,Light,Utsusemi,Permanent,-,Harp,Dagger,Draph,-,Special,https://gbf.wiki/Utsusemi
4494,9.5,SSR,Light,Volenna,Permanent,-,Sabre,-,Human,-,Balanced,https://gbf.wiki/Volenna_(SSR)
4424,9.9,SSR,Dark,Bowman,Fantasy,-,Melee,-,Human,-,Attack,https://gbf.wiki/Bowman
4376,9.8,SSR,Dark,Fediel,Grand,-,Sabre,Melee,Draph,-,Special,https://gbf.wiki/Fediel
4443,9.8,SSR,Dark,Halluel and Malluel,Grand,-,Dagger,-,Primal,-,Special,https://gbf.wiki/Halluel_and_Malluel
4412,9.8,SSR,Dark,Magisa,Summer,-,Staff,Melee,Human,-,Special,https://gbf.wiki/Magisa_(Summer)
4252,9.8,SSR,Dark,Vikala,Zodiac,-,Axe,Melee,Human,-,Balanced,https://gbf.wiki/Vikala
4346,9.7,SSR,Dark,Meg,Summer,-,Dagger,Melee,Human,-,Attack,https://gbf.wiki/Meg_(Summer)
4111,9.7,SSR,Dark,Orchid,Grand,-,Melee,Dagger,Other,-,Special,https://gbf.wiki/Orchid_(Grand)
4203,9.7,SSR,Dark,Tanya,Permanent,-,Dagger,-,Human,-,Special,https://gbf.wiki/Tanya_(SSR)
4228,9.6,SSR,Dark,Anthuria,Yukata,-,Melee,Harp,Erune,-,Balanced,https://gbf.wiki/Anthuria_(Yukata)
4082,9.6,SSR,Dark,Black Knight,Grand,-,Sabre,Gun,Human,-,Attack,https://gbf.wiki/Black_Knight
4206,9.6,SSR,Dark,Clarisse,Valentine,-,Staff,-,Human,-,Special,https://gbf.wiki/Clarisse_(Valentine)
4382,9.6,SSR,Dark,Ippatsu,Permanent,-,Melee,-,Human,-,Special,https://gbf.wiki/Ippatsu_(SSR)
4145,9.6,SSR,Dark,Olivia,Grand,-,Sabre,-,Primal,-,Special,https://gbf.wiki/Olivia_(Grand)
4278,9.6,SSR,Dark,Predator,Permanent,-,Melee,-,Human,-,Attack,https://gbf.wiki/Predator_(SSR)
4503,9.6,SSR,Dark,Tyra,Permanent,-,Melee,-,Human,-,Attack,https://gbf.wiki/Tyra
4316,9.6,SSR,Dark,Zehek,Permanent,-,Dagger,Melee,Human,-,Special,https://gbf.wiki/Zehek_(SSR)
4417,9.6,SSR,Dark,Zoro and Sanji,Tie-In / Collab,-,Katana,Melee,Human,-,Attack,https://gbf.wiki/Zoro_and_Sanji
4334,9.5,SSR,Dark,Albert,Permanent,-,Sabre,-,Human,-,Attack,https://gbf.wiki/Albert_(Dark)
4287,9.5,SSR,Dark,Amira,Summer,-,Melee,-,Other,-,Balanced,https://gbf.wiki/Amira_(Summer)
4453,9.5,SSR,Dark,Azusa,Summer,-,Katana,-,Draph,-,Attack,https://gbf.wiki/Azusa_(Summer)
4326,9.5,SSR,Dark,Cassius,Permanent,-,Melee,Spear,Other,-,Balanced,https://gbf.wiki/Cassius_(Event_SSR)
4445,9.5,SSR,Dark,Cendrillon,Permanent,-,Dagger,Melee,Other,-,Attack,https://gbf.wiki/Cendrillon
4016,9.5,SSR,Dark,Cerberus,Permanent,-,Melee,-,Primal,-,Special,https://gbf.wiki/Cerberus
4468,9.5,SSR,Dark,Cupitan,Summer,-,Bow,-,Human,-,Special,https://gbf.wiki/Cupitan_(Summer)
4251,9.5,SSR,Dark,Helel ben Shalem,Grand,-,Spear,Staff,Other,-,Special,https://gbf.wiki/Helel_ben_Shalem
4219,9.5,SSR,Dark,Lelouch Lamperouge,Tie-In / Collab,-,Gun,-,Human,-,Balanced,https://gbf.wiki/Lelouch_Lamperouge
4401,9.5,SSR,Dark,Manamel,Permanent,-,Dagger,-,Erune,-,Attack,https://gbf.wiki/Manamel
4482,9.5,SSR,Dark,Meg and Mari,Permanent,-,Dagger,Melee,Human,Erune,Special,https://gbf.wiki/Meg_and_Mari
4063,9.5,SSR,Dark,Narmaya,Permanent,-,Katana,-,Draph,-,Attack,https://gbf.wiki/Narmaya
4265,9.5,SSR,Dark,Rei,Grand,-,Staff,Katana,Harvin,-,Special,https://gbf.wiki/Rei
4350,9.5,SSR,Dark,Tabina,Summer,-,Axe,Bow,Human,-,Attack,https://gbf.wiki/Tabina_(Summer)
4029,9.5,SSR,Dark,Vaseraga,Permanent,-,Axe,-,Draph,-,Attack,https://gbf.wiki/Vaseraga
4094,9.5,SSR,Dark,Veight,Permanent,-,Dagger,-,Other,-,Attack,https://gbf.wiki/Veight
4174,9.5,SSR,Dark,Wulf and Renie,Permanent,-,Melee,Gun,Other,-,Attack,https://gbf.wiki/Wulf_and_Renie
4493,9.4,SSR,Fire,Barawa and Sarya,Permanent,-,Gun,-,Draph,-,Attack,https://gbf.wiki/Barawa_and_Sarya
4462,9.4,SSR,Fire,Icarus,Permanent,-,Sabre,-,Human,-,Attack,https://gbf.wiki/Icarus
4072,9.4,SSR,Fire,Metera,Permanent,-,Bow,-,Erune,-,Attack,https://gbf.wiki/Metera_(Fire)
4267,9.4,SSR,Fire,Mugen,Grand,-,Melee,Harp,Draph,-,Attack,https://gbf.wiki/Mugen
4274,9.4,SSR,Fire,Reinhardtzar,Grand,-,Melee,-,Draph,-,Attack,https://gbf.wiki/Reinhardtzar_(Grand)
4490,9.4,SSR,Fire,Sevilbarra,Permanent,-,Katana,-,Harvin,-,Attack,https://gbf.wiki/Sevilbarra_(SSR)
4388,9.4,SSR,Fire,Sylph,Permanent,-,Staff,-,Primal,-,Special,https://gbf.wiki/Sylph
4266,9.4,SSR,Fire,Teena,Summer,-,Staff,-,Human,-,Balanced,https://gbf.wiki/Teena_(Summer)
4324,9.4,SSR,Fire,Vaseraga,Permanent,-,Axe,-,Draph,-,Attack,https://gbf.wiki/Vaseraga_(Fire)
4253,9.4,SSR,Fire,Yuisis,Permanent,-,Sabre,Katana,Erune,-,Attack,https://gbf.wiki/Yuisis_(Fire)
4373,9.3,SSR,Fire,Altair,Holiday,-,Staff,-,Human,-,Balanced,https://gbf.wiki/Altair_(Holiday)
4402,9.3,SSR,Fire,Anna,Permanent,-,Staff,-,Human,-,Attack,https://gbf.wiki/Anna_(SSR)
4076,9.3,SSR,Fire,Aoidos,Permanent,-,Sabre,Harp,Human,-,Special,https://gbf.wiki/Aoidos
4235,9.3,SSR,Fire,Colossus,Permanent,-,Sabre,Axe,Primal,-,Attack,https://gbf.wiki/Colossus
4135,9.3,SSR,Fire,Danua,Halloween,-,Dagger,Axe,Draph,-,Special,https://gbf.wiki/Danua_(Halloween)
4052,9.3,SSR,Fire,Ghandagoza,Permanent,-,Melee,-,Draph,-,Attack,https://gbf.wiki/Ghandagoza
4060,9.3,SSR,Fire,Heles,Permanent,-,Spear,Staff,Erune,-,Attack,https://gbf.wiki/Heles
4277,9.3,SSR,Fire,Illnott,Permanent,-,Gun,-,Human,-,Attack,https://gbf.wiki/Illnott
4309,9.3,SSR,Fire,Kyojuro Rengoku,Tie-In / Collab,-,Katana,-,Human,-,Attack,https://gbf.wiki/Kyojuro_Rengoku
4191,9.3,SSR,Fire,Lancelot and Vane,Permanent,-,Sabre,Spear,Human,-,Attack,https://gbf.wiki/Lancelot_and_Vane
4409,9.3,SSR,Fire,Mirin,Summer,-,Katana,-,Human,-,Heal,https://gbf.wiki/Mirin_(Summer)
4354,9.3,SSR,Fire,Naoise,Permanent,-,Spear,-,Human,-,Defense,https://gbf.wiki/Naoise_(Fire)
4260,9.3,SSR,Fire,Scathacha,Valentine,-,Melee,-,Erune,-,Heal,https://gbf.wiki/Scathacha_(Valentine)
4362,9.3,SSR,Fire,Shinsengumi,Tie-In / Collab,-,Katana,Gun,Human,-,Attack,https://gbf.wiki/Shinsengumi
4234,9.3,SSR,Fire,Tabina,Permanent,-,Bow,Axe,Human,-,Attack,https://gbf.wiki/Tabina
4284,9.2,SSR,Fire,Abby,Permanent,-,Axe,-,Human,-,Attack,https://gbf.wiki/Abby
4466,9.2,SSR,Fire,Baal,Permanent,-,Harp,Axe,Primal,-,Attack,https://gbf.wiki/Baal_(Fire)
4470,9.2,SSR,Fire,Enyo,Summer,-,Spear,-,Primal,-,Attack,https://gbf.wiki/Enyo_(Summer)
4177,9.2,SSR,Fire,Ilsa,Summer,-,Bow,Gun,Erune,-,Attack,https://gbf.wiki/Ilsa_(Summer)
4011,9.2,SSR,Fire,Magisa,Permanent,-,Staff,Melee,Human,-,Special,https://gbf.wiki/Magisa
4059,9.2,SSR,Fire,Rackam,Grand,-,Gun,-,Human,-,Special,https://gbf.wiki/Rackam_(Grand)
4149,9.2,SSR,Fire,Therese,Permanent,-,Sabre,-,Human,-,Attack,https://gbf.wiki/Therese_(SSR)
4180,9.2,SSR,Fire,Tsubasa,Permanent,-,Melee,-,Human,-,Attack,https://gbf.wiki/Tsubasa
4130,9.1,SSR,Fire,Grea,Permanent,-,Melee,-,Other,-,Attack,https://gbf.wiki/Grea
4050,9.1,SSR,Fire,Percival,Permanent,-,Sabre,-,Human,-,Attack,https://gbf.wiki/Percival
4243,9.1,SSR,Fire,Vira,Permanent,-,Sabre,-,Human,-,Special,https://gbf.wiki/Vira_(Promo)
4083,9.0,SSR,Fire,Aliza,Permanent,-,Melee,-,Draph,-,Attack,https://gbf.wiki/Aliza
4185,9.0,SSR,Fire,Aqours Third-Years,Tie-In / Collab,-,Spear,Gun,Human,-,Defense,https://gbf.wiki/Aqours_Third-Years
4046,9.0,SSR,Fire,Clarisse,Permanent,-,Staff,-,Human,-,Special,https://gbf.wiki/Clarisse
4269,9.0,SSR,Fire,Drang,Permanent,-,Staff,-,Erune,-,Special,https://gbf.wiki/Drang
4015,9.0,SSR,Fire,Io,Summer,-,Staff,-,Human,-,Attack,https://gbf.wiki/Io_(Summer)
4221,9.0,SSR,Fire,Kallen Kouzuki,Tie-In / Collab,-,Melee,-,Human,-,Attack,https://gbf.wiki/Kallen_Kouzuki
4090,9.0,SSR,Fire,Percival,Summer,-,Sabre,-,Human,-,Balanced,https://gbf.wiki/Percival_(Summer)
4075,9.0,SSR,Fire,Zahlhamelina,Permanent,-,Staff,-,Harvin,-,Special,https://gbf.wiki/Zahlhamelina
4119,9.4,SSR,Water,Drang,Grand,-,Staff,-,Erune,-,Special,https://gbf.wiki/Drang_(Grand)
4439,9.4,SSR,Water,Erin,Permanent,-,Staff,-,Other,-,Heal,https://gbf.wiki/Erin_(SSR)
4190,9.4,SSR,Water,Europa,Grand,-,Staff,-,Primal,-,Heal,https://gbf.wiki/Europa
4054,9.4,SSR,Water,Katalina,Grand,-,Sabre,-,Human,-,Balanced,https://gbf.wiki/Katalina_(Grand)
4263,9.4,SSR,Water,Lecia,Permanent,-,Sabre,Gun,Human,-,Attack,https://gbf.wiki/Lecia_(Water)
4307,9.4,SSR,Water,Mirin,Holiday,-,Katana,-,Human,-,Balanced,https://gbf.wiki/Mirin_(Holiday)
4089,9.4,SSR,Water,Narmaya,Summer,-,Katana,-,Draph,-,Attack,https://gbf.wiki/Narmaya_(Summer)
4397,9.4,SSR,Water,Sophia,Permanent,-,Staff,-,Human,-,Heal,https://gbf.wiki/Sophia_(Water)
4471,9.4,SSR,Water,Vaseraga,Summer,-,Axe,-,Draph,-,Defense,https://gbf.wiki/Vaseraga_(Summer)
4419,9.4,SSR,Water,Wamdus,Grand,-,Staff,Axe,Harvin,-,Defense,https://gbf.wiki/Wamdus
4001,9.3,SSR,Water,Altair,Permanent,-,Staff,-,Human,-,Balanced,https://gbf.wiki/Altair
4093,9.3,SSR,Water,Chat Noir,Permanent,-,Staff,Dagger,Human,-,Special,https://gbf.wiki/Chat_Noir
4507,9.3,SSR,Water,Deliford,Permanent,-,Spear,-,Human,-,Defense,https://gbf.wiki/Deliford_(SSR)
4129,9.3,SSR,Water,Diantha,Summer,-,Harp,-,Human,-,Special,https://gbf.wiki/Diantha_(Summer)
4472,9.3,SSR,Water,Fediel,Summer,-,Melee,Sabre,Draph,-,Special,https://gbf.wiki/Fediel_(Summer)
4179,9.3,SSR,Water,Grea,Summer,-,Melee,-,Other,-,Attack,https://gbf.wiki/Grea_(Summer)
4023,9.3,SSR,Water,Lancelot,Permanent,-,Sabre,Dagger,Human,-,Attack,https://gbf.wiki/Lancelot
4272,9.3,SSR,Water,Milleore and Sahli Lao,Permanent,-,Gun,Bow,Harvin,-,Attack,https://gbf.wiki/Milleore_and_Sahli_Lao
4181,9.3,SSR,Water,Pholia,Grand,-,Staff,Melee,Erune,-,Special,https://gbf.wiki/Pholia
4273,9.3,SSR,Water,Shura,Permanent,-,Spear,-,Human,-,Balanced,https://gbf.wiki/Shura
4344,9.3,SSR,Water,Siegfried,Summer,-,Spear,-,Human,-,Defense,https://gbf.wiki/Siegfried_(Summer)
4308,9.3,SSR,Water,"Tanjiro, Nezuko, Zenitsu, and Inosuke",Tie-In / Collab,-,Katana,-,Human,-,Balanced,"https://gbf.wiki/Tanjiro,_Nezuko,_Zenitsu,_and_Inosuke"
4336,9.3,SSR,Water,Troue,Permanent,-,Sabre,-,Erune,-,Special,https://gbf.wiki/Troue
4264,9.3,SSR,Water,Vania and Malinda,Permanent,-,Staff,Melee,Other,-,Special,https://gbf.wiki/Vania_and_Malinda
4370,9.2,SSR,Water,Doraemon,Tie-In / Collab,-,Gun,Katana,Other,-,Special,https://gbf.wiki/Doraemon
4100,9.2,SSR,Water,Izmir,Permanent,-,Sabre,-,Draph,-,Attack,https://gbf.wiki/Izmir
3274,9.2,SR,Water,Leona,Yukata,-,Spear,-,Human,-,Attack,https://gbf.wiki/Leona_(Yukata)
4213,9.2,SSR,Water,Macula Marius,Permanent,-,Staff,-,Primal,-,Special,https://gbf.wiki/Macula_Marius
4448,9.2,SSR,Water,Sen,Valentine,-,Melee,-,Erune,-,Attack,https://gbf.wiki/Sen_(Valentine)
4049,9.2,SSR,Water,Silva,Permanent,-,Gun,-,Human,-,Attack,https://gbf.wiki/Silva
4088,9.2,SSR,Water,Yngwie,Permanent,-,Melee,Gun,Human,-,Defense,https://gbf.wiki/Yngwie
4192,9.1,SSR,Water,Aglovale,Permanent,-,Sabre,-,Human,-,Attack,https://gbf.wiki/Aglovale
4226,9.1,SSR,Water,Europa,Summer,-,Staff,-,Primal,-,Balanced,https://gbf.wiki/Europa_(Summer)
4183,9.0,SSR,Water,Aqours Second-Years,Tie-In / Collab,-,Sabre,Gun,Human,-,Balanced,https://gbf.wiki/Aqours_Second-Years
4104,9.0,SSR,Water,Arulumaya,Holiday,-,Staff,-,Harvin,-,Special,https://gbf.wiki/Arulumaya_(Holiday)
4010,9.0,SSR,Water,Charlotta,Permanent,-,Sabre,-,Harvin,-,Balanced,https://gbf.wiki/Charlotta
4116,9.0,SSR,Water,Lady Katapillar and Vira,Fantasy,-,Melee,Gun,Other,-,Special,https://gbf.wiki/Lady_Katapillar_and_Vira
4432,9.4,SSR,Earth,Adam,Permanent,-,Sabre,-,Other,-,Defense,https://gbf.wiki/Adam
4158,9.4,SSR,Earth,Alexiel,Grand,-,Sabre,Katana,Primal,-,Defense,https://gbf.wiki/Alexiel
4215,9.4,SSR,Earth,Baal,Permanent,-,Harp,Axe,Primal,-,Balanced,https://gbf.wiki/Baal
4328,9.4,SSR,Earth,Beatrix,Permanent,-,Sabre,-,Human,-,Special,https://gbf.wiki/Beatrix_(Earth)
4077,9.4,SSR,Earth,Eugen,Grand,-,Gun,-,Human,-,Attack,https://gbf.wiki/Eugen_(Grand)
4079,9.4,SSR,Earth,Hallessena,Permanent,-,Axe,-,Draph,-,Attack,https://gbf.wiki/Hallessena
4227,9.4,SSR,Earth,Jessica,Yukata,-,Gun,-,Human,-,Heal,https://gbf.wiki/Jessica_(Yukata)
4319,9.4,SSR,Earth,Lamretta,Permanent,-,Melee,-,Draph,-,Special,https://gbf.wiki/Lamretta_(SSR)
4285,9.4,SSR,Earth,Leona,Grand,-,Spear,-,Human,-,Attack,https://gbf.wiki/Leona_(Grand)
4022,9.4,SSR,Earth,Melleau,Permanent,-,Spear,Axe,Erune,-,Attack,https://gbf.wiki/Melleau
4302,9.4,SSR,Earth,Mireille and Risette,Permanent,-,Dagger, melee,Human,-,Attack,https://gbf.wiki/Mireille_and_Risette
4446,9.4,SSR,Earth,Orchid,Permanent,-,Dagger,Melee,Other,-,Special,https://gbf.wiki/Orchid
4483,9.4,SSR,Earth,Paris,Permanent,-,Sabre,-,Human,-,Defense,https://gbf.wiki/Paris
4041,9.4,SSR,Earth,Sara,Permanent,-,Melee,-,Human,-,Defense,https://gbf.wiki/Sara
4025,9.4,SSR,Earth,Siegfried,Permanent,-,Sabre,Katana,Human,-,Special,https://gbf.wiki/Siegfried
4084,9.3,SSR,Earth,Ayer,Permanent,-,Melee,-,Human,-,Special,https://gbf.wiki/Ayer
4366,9.3,SSR,Earth,Benjamin,Fantasy,-,Sabre,Harp,Human,-,Attack,https://gbf.wiki/Benjamin
4009,9.3,SSR,Earth,Cagliostro,Permanent,-,Staff,-,Human,-,Heal,https://gbf.wiki/Cagliostro
4171,9.3,SSR,Earth,Cain,Grand,-,Katana,-,Human,-,Special,https://gbf.wiki/Cain_(Grand)
4151,9.3,SSR,Earth,Medusa,Valentine,-,Melee,-,Primal,-,Balanced,https://gbf.wiki/Medusa_(Valentine)
4109,9.3,SSR,Earth,Razia,Permanent,-,Spear,Gun,Draph,-,Defense,https://gbf.wiki/Razia
4291,9.3,SSR,Earth,Silva,Summer,-,Gun,-,Human,-,Attack,https://gbf.wiki/Silva_(Summer)
4414,9.3,SSR,Earth,Tikoh,Summer,-,Staff,-,Erune,-,Heal,https://gbf.wiki/Tikoh_(Summer)
4125,9.3,SSR,Earth,Yggdrasil,Permanent,-,Melee,-,Primal,-,Special,https://gbf.wiki/Yggdrasil
4426,9.2,SSR,Earth,Aglovale and Tor,Permanent,-,Sabre,-,Human,-,Special,https://gbf.wiki/Aglovale_and_Tor
4296,9.2,SSR,Earth,Diantha,Permanent,-,Harp,-,Human,-,Heal,https://gbf.wiki/Diantha
4069,9.2,SSR,Earth,Eustace,Permanent,-,Gun,-,Erune,-,Attack,https://gbf.wiki/Eustace
4214,9.2,SSR,Earth,Medusa,Permanent,-,Melee,-,Primal,-,Balanced,https://gbf.wiki/Medusa
4353,9.2,SSR,Earth,"Special Week, Silence Suzuka, and Tokai Teio",Tie-In / Collab,-,Melee,-,Other,-,Balanced,"https://gbf.wiki/Special_Week,_Silence_Suzuka,_and_Tokai_Teio"
4099,9.1,SSR,Earth,Eustace,Halloween,-,Gun,-,Erune,-,Attack,https://gbf.wiki/Eustace_(Halloween)
4148,9.1,SSR,Earth,Ilsa,Permanent,-,Gun,Bow,Erune,-,Attack,https://gbf.wiki/Ilsa
4184,9.0,SSR,Earth,Aqours First-Years,Tie-In / Collab,-,Staff,-,Human,-,Heal,https://gbf.wiki/Aqours_First-Years
4113,9.0,SSR,Earth,De La Fille,Permanent,-,Sabre,-,Human,-,Heal,https://gbf.wiki/De_La_Fille_(Earth)
4404,9.0,SSR,Earth,Jamil,Permanent,-,Dagger,-,Human,-,Attack,https://gbf.wiki/Jamil_(SSR)
4176,9.0,SSR,Earth,Rosetta,Summer,-,Dagger,-,Primal,-,Special,https://gbf.wiki/Rosetta_(Summer)
4146,9.0,SSR,Earth,Vaseraga,Permanent,-,Axe,-,Draph,-,Attack,https://gbf.wiki/Vaseraga_(Earth)
4461,9.4,SSR,Wind,Cantate,Permanent,-,Harp,-,Erune,-,Attack,https://gbf.wiki/Cantate
4484,9.4,SSR,Wind,Catherine,Permanent,-,Gun,-,Erune,-,Special,https://gbf.wiki/Catherine_(Wind)
4365,9.4,SSR,Wind,Enyo,Permanent,-,Spear,-,Primal,-,Attack,https://gbf.wiki/Enyo
4101,9.4,SSR,Wind,Lecia,Grand,-,Sabre,-,Human,-,Balanced,https://gbf.wiki/Lecia_(Grand)
4463,9.4,SSR,Wind,Lily,Permanent,-,Staff,-,Other,-,Heal,https://gbf.wiki/Lily_(Wind)
4318,9.4,SSR,Wind,Nectar,Permanent,-,Bow,Katana,Other,-,Attack,https://gbf.wiki/Nectar
4003,9.4,SSR,Wind,Nezahualpilli,Permanent,-,Spear,-,Human,-,Attack,https://gbf.wiki/Nezahualpilli
4368,9.4,SSR,Wind,Randall,Permanent,-,Melee,-,Human,-,Attack,https://gbf.wiki/Randall_(SSR)
4122,9.4,SSR,Wind,Scathacha,Permanent,-,Melee,-,Erune,-,Attack,https://gbf.wiki/Scathacha
4128,9.4,SSR,Wind,Siegfried,Yukata,-,Sabre,Katana,Human,-,Attack,https://gbf.wiki/Siegfried_(Yukata)
4105,9.4,SSR,Wind,Yuisis,Permanent,-,Sabre,Katana,Erune,-,Balanced,https://gbf.wiki/Yuisis
4199,9.4,SSR,Wind,Yurius,Permanent,-,Sabre,Staff,Human,-,Special,https://gbf.wiki/Yurius
4411,9.3,SSR,Wind,Eustace,Summer,-,Gun,Dagger,Erune,-,Attack,https://gbf.wiki/Eustace_(Summer)
4299,9.3,SSR,Wind,Florence,Permanent,-,Staff,-,Human,-,Special,https://gbf.wiki/Florence
4281,9.3,SSR,Wind,Naoise,Permanent,-,Dagger,Bow,Human,-,Special,https://gbf.wiki/Naoise
4241,9.3,SSR,Wind,Societte,Permanent,-,Melee,Harp,Erune,-,Heal,https://gbf.wiki/Societte_(Wind)
4442,9.3,SSR,Wind,Ultimate Friday,Fantasy,-,Melee,Spear,Human,-,Balanced,https://gbf.wiki/Ultimate_Friday
4342,9.3,SSR,Wind,Yngwie,Yukata,-,Gun,Melee,Human,-,Defense,https://gbf.wiki/Yngwie_(Yukata)
4290,9.2,SSR,Wind,Albert,Summer,-,Sabre,-,Human,-,Attack,https://gbf.wiki/Albert_(Summer)
4387,9.2,SSR,Wind,Freyr,Permanent,-,Sabre,-,Primal,-,Attack,https://gbf.wiki/Freyr
4000,9.2,SSR,Wind,Gawain,Permanent,-,Axe,Spear,Human,-,Defense,https://gbf.wiki/Gawain
4208,9.2,SSR,Wind,Heles,Permanent,-,Spear,-,Erune,-,Attack,https://gbf.wiki/Heles_(Wind)
4154,9.2,SSR,Wind,Jeanne d'Arc,Summer,-,Sabre,-,Human,-,Balanced,https://gbf.wiki/Jeanne_d%27Arc_(Summer)
4201,9.2,SSR,Wind,Kokkoro,Tie-In / Collab,-,Spear,-,Other,-,Balanced,https://gbf.wiki/Kokkoro
4140,9.2,SSR,Wind,Lancelot,Permanent,-,Sabre,Dagger,Human,-,Attack,https://gbf.wiki/Lancelot_(Wind)
4021,9.2,SSR,Wind,Lennah,Permanent,-,Staff,-,Human,-,Heal,https://gbf.wiki/Lennah
4218,9.2,SSR,Wind,Morrigna,Permanent,-,Staff,-,Primal,-,Special,https://gbf.wiki/Morrigna
4250,9.2,SSR,Wind,Seruel,Holiday,-,Sabre,Dagger,Erune,-,Defense,https://gbf.wiki/Seruel_(Holiday)
4310,9.2,SSR,Wind,Shinobu Kocho,Tie-In / Collab,-,Katana,-,Human,-,Heal,https://gbf.wiki/Shinobu_Kocho
4433,9.2,SSR,Wind,Therese,Permanent,-,Sabre,-,Human,-,Attack,https://gbf.wiki/Therese_(Wind)
4211,9.2,SSR,Wind,Vira,Fantasy,-,Harp,Melee,Human,-,Attack,https://gbf.wiki/Vira_(Wind)
4380,9.2,SSR,Wind,Yggdrasil,Permanent,-,Melee,-,Primal,-,Special,https://gbf.wiki/Yggdrasil_(Wind)
4012,9.1,SSR,Wind,Metera,Permanent,-,Bow,-,Erune,-,Balanced,https://gbf.wiki/Metera
4431,9.0,SSR,Wind,Alliah,Permanent,-,Sabre,-,Erune,-,Special,https://gbf.wiki/Alliah
4058,9.0,SSR,Wind,Arriet,Permanent,-,Harp,-,Human,-,Special,https://gbf.wiki/Arriet
4042,9.0,SSR,Wind,Carmelina,Permanent,-,Dagger,-,Draph,-,Special,https://gbf.wiki/Carmelina
4378,9.0,SSR,Wind,Ewiyar,Permanent,-,Melee,-,Other,-,Special,https://gbf.wiki/Ewiyar
4142,9.0,SSR,Wind,Levi,Tie-In / Collab,-,Sabre,Katana,Human,-,Attack,https://gbf.wiki/Levi
4399,9.0,SSR,Wind,Lilisette,Tie-In / Collab,-,Dagger,-,Other,-,Balanced,https://gbf.wiki/Lilisette
4295,9.0,SSR,Wind,Mimori Amamiya,Tie-In / Collab,-,Harp,-,Human,-,Balanced,https://gbf.wiki/Mimori_Amamiya
3224,9.0,SR,Wind,Mirin,Permanent,-,Katana,-,Human,-,Attack,https://gbf.wiki/Mirin
4186,9.0,SSR,Wind,Monika,Permanent,-,Sabre,Katana,Human,-,Balanced,https://gbf.wiki/Monika
4233,9.0,SSR,Wind,Stan and Aliza,Permanent,-,Sabre,Melee,Erune,Draph,Attack,https://gbf.wiki/Stan_and_Aliza
4229,9.0,SSR,Wind,μ's First-Years,Tie-In / Collab,-,Harp,Staff,Human,-,Heal,https://gbf.wiki/%CE%9C%27s_First-Years
4358,9.4,SSR,Light,Arthur,Permanent,-,Sabre,-,Human,-,Balanced,https://gbf.wiki/Arthur
4134,9.4,SSR,Light,Dorothy and Claudia,Permanent,-,Gun,Melee,Human,-,Special,https://gbf.wiki/Dorothy_and_Claudia
4304,9.4,SSR,Light,Feather,Permanent,-,Melee,-,Human,-,Attack,https://gbf.wiki/Feather_(SSR)
4355,9.4,SSR,Light,Grea,Permanent,-,Melee,-,Other,-,Special,https://gbf.wiki/Grea_(Light)
4091,9.4,SSR,Light,Heles,Summer,-,Spear,-,Erune,-,Balanced,https://gbf.wiki/Heles_(Summer)
4258,9.4,SSR,Light,Ilsa,Permanent,-,Gun,Bow,Erune,-,Defense,https://gbf.wiki/Ilsa_(Light)
4040,9.4,SSR,Light,Jeanne d'Arc,Permanent,-,Sabre,Spear,Human,-,Balanced,https://gbf.wiki/Jeanne_d%27Arc
4193,9.4,SSR,Light,Levin Sisters,Permanent,-,Sabre,Melee,Human,-,Special,https://gbf.wiki/Levin_Sisters
4364,9.4,SSR,Light,Lunalu,Fantasy,-,Sabre,-,Harvin,-,Attack,https://gbf.wiki/Lunalu_(Light)
4143,9.4,SSR,Light,Mary,Holiday,-,Gun,-,Human,-,Balanced,https://gbf.wiki/Mary_(Holiday)
4195,9.4,SSR,Light,Metera,Holiday,-,Bow,-,Erune,-,Balanced,https://gbf.wiki/Metera_(Holiday)
4155,9.4,SSR,Light,Robomi,Permanent,-,Gun,-,Other,-,Attack,https://gbf.wiki/Robomi
4289,9.4,SSR,Light,Rosamia,Yukata,-,Sabre,-,Human,-,Balanced,https://gbf.wiki/Rosamia_(Yukata)
4236,9.4,SSR,Light,Sara,Permanent,-,Melee,-,Human,-,Defense,https://gbf.wiki/Sara_(Light)
4367,9.3,SSR,Light,Arulumaya,Permanent,-,Staff,-,Harvin,-,Defense,https://gbf.wiki/Arulumaya_(Light)
4020,9.3,SSR,Light,Charlotta,Halloween,-,Sabre,-,Harvin,-,Heal,https://gbf.wiki/Charlotta_(Halloween)
4194,9.3,SSR,Light,Charlotta,Permanent,-,Sabre,-,Harvin,-,Attack,https://gbf.wiki/Charlotta_(Light)
4386,9.3,SSR,Light,Ladiva,Valentine,-,Melee,-,Draph,-,Heal,https://gbf.wiki/Ladiva_(Valentine)
4311,9.3,SSR,Light,Lily,Holiday,-,Staff,-,Other,-,Heal,https://gbf.wiki/Lily_(Holiday)
4317,9.3,SSR,Light,Mishra,Permanent,-,Staff,-,Erune,-,Special,https://gbf.wiki/Mishra_(SSR)
4275,9.3,SSR,Light,New Generations,Tie-In / Collab,-,Sabre,Gun,Human,-,Balanced,https://gbf.wiki/New_Generations
4371,9.3,SSR,Light,Nobita,Tie-In / Collab,-,Gun,-,Human,-,Attack,https://gbf.wiki/Nobita
4008,9.3,SSR,Light,Sarunan,Permanent,-,Staff,-,Erune,-,Special,https://gbf.wiki/Sarunan
4485,9.3,SSR,Light,Siegfried,Fantasy,-,Sabre,Katana,Human,-,Attack,https://gbf.wiki/Siegfried_(Light)
4187,9.3,SSR,Light,Silva,Permanent,-,Gun,-,Human,-,Attack,https://gbf.wiki/Silva_(Light)
4150,9.3,SSR,Light,Zooey,Permanent,-,Gun,Sabre,Primal,-,Balanced,https://gbf.wiki/Zooey
4331,9.2,SSR,Light,Bobobo-bo Bo-bobo,Tie-In / Collab,-,Melee,Staff,Human,-,Special,https://gbf.wiki/Bobobo-bo_Bo-bobo
4121,9.2,SSR,Light,Clarisse,Permanent,-,Staff,-,Human,-,Attack,https://gbf.wiki/Clarisse_(Light)
4464,9.2,SSR,Light,Drusilla,Permanent,-,Dagger,-,Harvin,-,Special,https://gbf.wiki/Drusilla_(SSR)
4178,9.2,SSR,Light,Naoise,Summer,-,Spear,-,Human,-,Defense,https://gbf.wiki/Naoise_(Summer)
4279,9.2,SSR,Light,Percival,Permanent,-,Sabre,-,Human,-,Balanced,https://gbf.wiki/Percival_(Light)
4013,9.2,SSR,Light,Seruel,Permanent,-,Sabre,-,Erune,-,Attack,https://gbf.wiki/Seruel
4363,9.2,SSR,Light,Yorozuya,Tie-In / Collab,-,Katana,Melee,Human,-,Balanced,https://gbf.wiki/Yorozuya
4325,9.1,SSR,Light,Farrah and Juri,Permanent,-,Sabre,-,Human,-,Balanced,https://gbf.wiki/Farrah_and_Juri
4244,9.1,SSR,Light,Shitori,Permanent,-,Bow,Katana,Human,-,Balanced,https://gbf.wiki/Shitori
4051,9.0,SSR,Light,Amira,Permanent,-,Melee,-,Other,-,Special,https://gbf.wiki/Amira
4256,9.0,SSR,Light,Danua,Permanent,-,Dagger,Axe,Draph,-,Special,https://gbf.wiki/Danua_(SSR)
4087,9.0,SSR,Light,Rosamia,Permanent,-,Sabre,-,Human,-,Balanced,https://gbf.wiki/Rosamia_(SSR)
4024,9.0,SSR,Light,Sophia,Permanent,-,Staff,-,Human,-,Heal,https://gbf.wiki/Sophia
4230,9.0,SSR,Light,μ's Second-Years,Tie-In / Collab,-,Bow,Staff,Human,-,Balanced,https://gbf.wiki/%CE%9C%27s_Second-Years
4198,9.4,SSR,Dark,Eustace,Permanent,-,Gun,Dagger,Erune,-,Attack,https://gbf.wiki/Eustace_(Dark)
4182,9.4,SSR,Dark,Freezie,Fantasy,-,Gun,-,Erune,-,Special,https://gbf.wiki/Freezie
4423,9.4,SSR,Dark,Jessica,Permanent,-,Gun,-,Human,-,Balanced,https://gbf.wiki/Jessica_(SSR)
4222,9.4,SSR,Dark,Kolulu,Permanent,-,Spear,-,Human,-,Special,https://gbf.wiki/Kolulu
4242,9.4,SSR,Dark,Kou,Permanent,-,Katana,Harp,Erune,-,Heal,https://gbf.wiki/Kou
4189,9.4,SSR,Dark,Lady Grey,Halloween,-,Spear,Melee,Human,-,Special,https://gbf.wiki/Lady_Grey_(Halloween)
4487,9.4,SSR,Dark,Tikoh,Halloween,-,Staff,-,Erune,-,Heal,https://gbf.wiki/Tikoh_(Halloween)
4057,9.4,SSR,Dark,Vania,Permanent,-,Staff,Dagger,Other,-,Special,https://gbf.wiki/Vania
4476,9.4,SSR,Dark,Yuji Itadori and Megumi Fushiguro,Tie-In / Collab,-,Melee,Katana,Human,-,Attack,https://gbf.wiki/Yuji_Itadori_and_Megumi_Fushiguro
4495,9.4,SSR,Dark,Yuni,Holiday,-,Staff,-,Primal,-,Balanced,https://gbf.wiki/Yuni_(Holiday)
4092,9.4,SSR,Dark,Zooey,Summer,Grand,Sabre,-,Primal,-,Special,https://gbf.wiki/Zooey_(Grand)
4209,9.3,SSR,Dark,Ferry,Grand,-,Dagger,-,Erune,-,Special,https://gbf.wiki/Ferry_(Grand)
4435,9.3,SSR,Dark,Fiorito,Holiday,-,Melee,-,Human,-,Attack,https://gbf.wiki/Fiorito_(Holiday)
4459,9.3,SSR,Dark,Jasmine,Permanent,-,Staff,-,Human,-,Heal,https://gbf.wiki/Jasmine_(SSR)
4173,9.3,SSR,Dark,Joker,Tie-In / Collab,-,Dagger,Gun,Human,-,Special,https://gbf.wiki/Joker
4005,9.3,SSR,Dark,Lady Grey,Permanent,-,Spear,Melee,Human,-,Special,https://gbf.wiki/Lady_Grey
4500,9.3,SSR,Dark,Lowain,Permanent,-,Dagger,Sabre,Erune,-,Special,https://gbf.wiki/Lowain_(SSR)
4254,9.3,SSR,Dark,Lucius,Permanent,-,Sabre,Katana,Human,-,Attack,https://gbf.wiki/Lucius_(SSR)
4172,9.3,SSR,Dark,Lunalu,Permanent,-,Staff,-,Harvin,-,Special,https://gbf.wiki/Lunalu_(SSR)
4430,9.3,SSR,Dark,Yuel and Societte,Permanent,-,Katana,Harp,Erune,-,Balanced,https://gbf.wiki/Yuel_and_Societte
4137,9.2,SSR,Dark,Azazel,Permanent,-,Dagger,Melee,Primal,-,Attack,https://gbf.wiki/Azazel
4120,9.2,SSR,Dark,Cagliostro,Permanent,-,Staff,-,Human,-,Heal,https://gbf.wiki/Cagliostro_(Dark)
4043,9.2,SSR,Dark,Vira,Permanent,-,Sabre,-,Human,-,Attack,https://gbf.wiki/Vira_(SSR)
4062,9.1,SSR,Dark,Cagliostro,Halloween,-,Staff,-,Human,-,Balanced,https://gbf.wiki/Cagliostro_(Halloween)
4080,9.1,SSR,Dark,Jeanne d'Arc,Permanent,-,Sabre,-,Human,-,Attack,https://gbf.wiki/Jeanne_d%27Arc_(Dark)
4156,9.1,SSR,Dark,Nicholas,Permanent,-,Katana,-,Human,-,Defense,https://gbf.wiki/Nicholas
4026,9.1,SSR,Dark,Rosetta,Holiday,-,Dagger,-,Primal,-,Heal,https://gbf.wiki/Rosetta_(Holiday)
4407,9.1,SSR,Dark,Vajra,Summer,Zodiac,Katana,Melee,Erune,-,Attack,https://gbf.wiki/Vajra_(Summer)
4231,9.1,SSR,Dark,μ's Third-Years,Tie-In / Collab,-,Harp,Staff,Human,-,Defense,https://gbf.wiki/%CE%9C%27s_Third-Years
4070,9.0,SSR,Dark,Beatrix,Permanent,-,Sabre,-,Human,-,Special,https://gbf.wiki/Beatrix
4270,9.0,SSR,Dark,Black Knight and Orchis,Permanent,-,Sabre,-,Human,-,Defense,https://gbf.wiki/Black_Knight_and_Orchis
4262,9.0,SSR,Dark,Seox,Eternals,-,Melee,-,Erune,-,Attack,https://gbf.wiki/Seox_(Event)
2073,9.0,R,Dark,Vikala,Zodiac,-,Axe,Melee,Human,-,Balanced,https://gbf.wiki/Vikala_(Event)
3182,9.1,SR,Any,Lyria,Permanent,-,Melee,-,Human,-,Special,https://gbf.wiki/Lyria_(Event)
4144,8.5,SSR,Fire,Charioce XVII,Permanent,-,Sabre,-,Human,-,Special,https://gbf.wiki/Charioce_XVII
4398,8.5,SSR,Fire,Iroha,Tie-In / Collab,-,Spear,-,Human,-,Special,https://gbf.wiki/Iroha
4383,8.5,SSR,Fire,Lilele,Permanent,-,Harp,-,Harvin,-,Heal,https://gbf.wiki/Lilele_(Fire)
4095,8.5,SSR,Fire,Societte,Permanent,-,Melee,Harp,Erune,-,Defense,https://gbf.wiki/Societte_(Fire)
4159,8.5,SSR,Water,Cucouroux,Permanent,-,Gun,-,Human,-,Balanced,https://gbf.wiki/Cucouroux_(SSR)
4126,8.5,SSR,Water,Izmir,Summer,-,Sabre,-,Draph,-,Attack,https://gbf.wiki/Izmir_(Summer)
3207,8.5,SR,Water,Owen,Permanent,-,Sabre,-,Human,-,Balanced,https://gbf.wiki/Owen
4074,8.5,SSR,Earth,Catherine,Permanent,-,Gun,-,Erune,-,Special,https://gbf.wiki/Catherine
2074,8.5,R,Earth,Catura,Zodiac,-,Spear,Melee,Draph,-,Special,https://gbf.wiki/Catura_(Event)
4067,8.5,SSR,Earth,Clarisse,Holiday,-,Staff,-,Human,-,Special,https://gbf.wiki/Clarisse_(Holiday)
4271,8.5,SSR,Earth,Herja,Permanent,-,Sabre,-,Human,-,Defense,https://gbf.wiki/Herja_(SSR)
4257,8.5,SSR,Earth,Jin,Permanent,-,Katana,-,Human,-,Attack,https://gbf.wiki/Jin
4394,8.5,SSR,Earth,Laguna,Permanent,-,Spear,-,Draph,-,Special,https://gbf.wiki/Laguna_(SSR)
3237,8.5,SR,Earth,Nezahualpilli,Permanent,-,Spear,-,Human,-,Attack,https://gbf.wiki/Nezahualpilli_(SR)
3197,8.5,SR,Earth,Walder,Permanent,-,Dagger,-,Human,-,Special,https://gbf.wiki/Walder_(Event)
3111,8.5,SR,Earth,Yaia,Permanent,-,Sabre,-,Draph,-,Special,https://gbf.wiki/Yaia
4018,8.5,SSR,Wind,Christina,Permanent,-,Gun,Dagger,Human,-,Balanced,https://gbf.wiki/Christina
4061,8.5,SSR,Wind,Feena,Permanent,-,Bow,-,Human,-,Attack,https://gbf.wiki/Feena
4248,8.5,SSR,Wind,Gachapin,Tie-In / Collab,-,Sabre,Melee,Other,-,Balanced,https://gbf.wiki/Gachapin
3253,8.5,SR,Wind,Juri,Permanent,-,Sabre,-,Human,-,Attack,https://gbf.wiki/Juri
4276,8.5,SSR,Wind,Kaede Takagaki,Tie-In / Collab,-,Staff,Harp,Human,-,Special,https://gbf.wiki/Kaede_Takagaki
4081,8.5,SSR,Wind,Korwa,Permanent,-,Staff,-,Erune,-,Special,https://gbf.wiki/Korwa
4204,8.5,SSR,Wind,Sen,Permanent,-,Melee,-,Erune,-,Attack,https://gbf.wiki/Sen_(SSR)
4451,8.5,SSR,Wind,Seofon,Fantasy,Eternals,Sabre,-,Human,-,Attack,https://gbf.wiki/Seofon_(Event)
3118,8.5,SR,Wind,Sevilbarra,Permanent,-,Katana,-,Harvin,-,Attack,https://gbf.wiki/Sevilbarra
4220,8.5,SSR,Wind,Suzaku Kururugi,Tie-In / Collab,-,Sabre,Melee,Human,-,Attack,https://gbf.wiki/Suzaku_Kururugi
3259,8.5,SR,Wind,Yaia,Holiday,-,Sabre,-,Draph,-,Special,https://gbf.wiki/Yaia_(Holiday)
4188,8.5,SSR,Light,Cure Black and Cure White,Tie-In / Collab,-,Melee,-,Human,-,Attack,https://gbf.wiki/Cure_Black_and_Cure_White
4014,8.5,SSR,Light,De La Fille,Summer,-,Sabre,-,Human,-,Heal,https://gbf.wiki/De_La_Fille_(Summer)
4131,8.5,SSR,Light,Mikazuki Munechika,Tie-In / Collab,-,Katana,-,Other,-,Balanced,https://gbf.wiki/Mikazuki_Munechika
4200,8.5,SSR,Light,Pecorine,Tie-In / Collab,-,Sabre,-,Human,-,Defense,https://gbf.wiki/Pecorine
4136,8.5,SSR,Light,Sakura Kinomoto,Tie-In / Collab,-,Staff,-,Human,-,Special,https://gbf.wiki/Sakura_Kinomoto
4078,8.5,SSR,Light,Zooey,Permanent,-,Sabre,-,Primal,-,Balanced,https://gbf.wiki/Zooey_(Promo)
4055,8.5,SSR,Dark,Danua,Summer,-,Dagger,-,Draph,-,Special,https://gbf.wiki/Danua_(Summer)
4086,8.5,SSR,Dark,Forte,Permanent,-,Spear,-,Draph,-,Attack,https://gbf.wiki/Forte
4216,8.5,SSR,Dark,Karyl,Tie-In / Collab,-,Staff,-,Other,-,Attack,https://gbf.wiki/Karyl
4118,8.5,SSR,Dark,Katalina,Permanent,-,Sabre,-,Human,-,Balanced,https://gbf.wiki/Katalina_(Promo)
4108,8.5,SSR,Dark,Marquiares,Permanent,-,Staff,-,Harvin,-,Special,https://gbf.wiki/Marquiares
3263,8.5,SR,Dark,Skull,Permanent,-,Gun,Melee,Harvin,-,Attack,https://gbf.wiki/Skull
4112,8.5,SSR,Dark,Zeta,Permanent,-,Spear,-,Human,-,Attack,https://gbf.wiki/Zeta_(Dark)
3271,8.3,SR,Fire,Friday,Summer,-,Melee,Gun,Human,-,Balanced,https://gbf.wiki/Friday_(Summer)
3163,8.0,SR,Fire,Beatrix,Halloween,-,Sabre,-,Human,-,Special,https://gbf.wiki/Beatrix_(Halloween)
3156,8.0,SR,Fire,Dante,Permanent,-,Staff,-,Human,-,Attack,https://gbf.wiki/Dante_(SR)
3310,8.0,SR,Fire,Ferry,Summer,-,Dagger,-,Erune,-,Special,https://gbf.wiki/Ferry_(Summer)
4294,8.0,SSR,Fire,Hiro Ryugasaki,Tie-In / Collab,-,Melee,-,Human,-,Attack,https://gbf.wiki/Hiro_Ryugasaki
3113,8.0,SR,Fire,Sutera,Permanent,-,Bow,-,Erune,-,Defense,https://gbf.wiki/Sutera_(Fire)
3061,8.0,SR,Water,Ejaeli,Permanent,-,Harp,-,Human,-,Balanced,https://gbf.wiki/Ejaeli
3029,8.0,SR,Water,Katalina,Summer,-,Sabre,-,Human,-,Defense,https://gbf.wiki/Katalina_(Summer)
3005,8.0,SR,Water,Katalina,Permanent,-,Sabre,-,Human,-,Balanced,https://gbf.wiki/Katalina
4066,8.0,SSR,Water,Lilele,Permanent,-,Harp,-,Harvin,-,Special,https://gbf.wiki/Lilele
3193,8.0,SR,Water,Minami Nitta,Tie-In / Collab,-,Spear,-,Human,-,Balanced,https://gbf.wiki/Minami_Nitta
3135,8.0,SR,Water,Morphe and Phoebe,Permanent,-,Harp,-,Other,-,Special,https://gbf.wiki/Morphe_and_Phoebe_(Event)
3199,8.0,SR,Earth,Ayer,Summer,-,Melee,-,Human,-,Attack,https://gbf.wiki/Ayer_(Summer)
3009,8.0,SR,Earth,Gayne,Permanent,-,Sabre,-,Human,-,Special,https://gbf.wiki/Gayne
3134,8.0,SR,Earth,Jamil,Permanent,-,Dagger,-,Human,-,Special,https://gbf.wiki/Jamil
3102,8.0,SR,Earth,Jasmine,Permanent,-,Staff,-,Human,-,Heal,https://gbf.wiki/Jasmine_(SR)
3272,8.0,SR,Earth,Lancelot and Vane,Summer,-,Sabre,Spear,Human,-,Defense,https://gbf.wiki/Lancelot_and_Vane_(Summer)
4123,8.0,SSR,Earth,Medusa,Permanent,-,Melee,-,Primal,-,Attack,https://gbf.wiki/Medusa_(Promo)
4085,8.0,SSR,Earth,Nemone,Permanent,-,Axe,Spear,Erune,-,Attack,https://gbf.wiki/Nemone
3004,8.0,SR,Wind,Helnar,Permanent,-,Sabre,-,Erune,-,Balanced,https://gbf.wiki/Helnar
3172,8.0,SR,Wind,Meteon,Permanent,-,Gun,-,Human,-,Special,https://gbf.wiki/Meteon_(Event)
3227,8.0,SR,Wind,Mikasa,Tie-In / Collab,-,Sabre,Katana,Human,-,Attack,https://gbf.wiki/Mikasa
3026,8.0,SR,Wind,Selfira,Permanent,-,Harp,-,Erune,-,Heal,https://gbf.wiki/Selfira_(Event)
3322,8.0,SR,Wind,Spinnah,Holiday,-,Dagger,-,Human,-,Attack,https://gbf.wiki/Spinnah_(Holiday)
2071,8.0,R,Wind,Spinnah,Permanent,-,Dagger,-,Human,-,Attack,https://gbf.wiki/Spinnah
4157,8.0,SSR,Light,Conan Edogawa,Tie-In / Collab,-,Gun,Melee,Human,-,Special,https://gbf.wiki/Conan_Edogawa
3078,8.0,SR,Light,Feather,Permanent,-,Melee,-,Human,-,Attack,https://gbf.wiki/Feather_(SR)
3195,8.0,SR,Light,Jeanne d'Arc,Permanent,-,Sabre,-,Human,-,Special,https://gbf.wiki/Jeanne_d%27Arc_(SR)
3265,8.0,SR,Light,Mirin,Permanent,-,Katana,-,Human,-,Attack,https://gbf.wiki/Mirin_(Light)
3141,8.0,SR,Light,Nicholas,Permanent,-,Katana,-,Human,-,Balanced,https://gbf.wiki/Nicholas_(Event)
3258,8.0,SR,Light,Sevilbarra,Permanent,-,Katana,-,Harvin,-,Attack,https://gbf.wiki/Sevilbarra_(Event)
3183,8.0,SR,Light,Vermeil,Permanent,-,Sabre,-,Harvin,-,Balanced,https://gbf.wiki/Vermeil_(SR)
3231,8.0,SR,Light,Zeta,Permanent,-,Spear,-,Human,-,Attack,https://gbf.wiki/Zeta_(Event)
3249,8.0,SR,Dark,Arulumaya,Yukata,-,Staff,-,Harvin,-,Special,https://gbf.wiki/Arulumaya_(Yukata)
3138,8.0,SR,Dark,Elize Lutus,Tie-In / Collab,-,Staff,-,Human,-,Special,https://gbf.wiki/Elize_Lutus
3254,8.0,SR,Dark,Feather,Halloween,-,Melee,-,Human,-,Attack,https://gbf.wiki/Feather_(Halloween)
3290,8.0,SR,Dark,Meg,Permanent,-,Dagger,Melee,Human,-,Attack,https://gbf.wiki/Meg_(Event)
3190,8.0,SR,Dark,Predator,Permanent,-,Melee,-,Human,-,Attack,https://gbf.wiki/Predator
3267,8.0,SR,Dark,Richard,Permanent,-,Gun,-,Human,-,Special,https://gbf.wiki/Richard_(SR)
4048,8.0,SSR,Dark,Sarunan,Permanent,-,Staff,-,Erune,-,Special,https://gbf.wiki/Sarunan_(Dark)
3124,8.0,SR,Dark,Shao,Permanent,-,Staff,-,Erune,-,Special,https://gbf.wiki/Shao
3221,8.0,SR,Dark,Vania,Permanent,-,Staff,-,Other,-,Special,https://gbf.wiki/Vania_(SR)
3092,8.0,SR,Dark,Will,Permanent,-,Sabre,Staff,Human,-,Balanced,https://gbf.wiki/Will_(SR)
3321,8.0,SR,Dark,Wulf and Renie,Halloween,-,Melee,Gun,Other,-,Defense,https://gbf.wiki/Wulf_and_Renie_(Halloween)
3277,8.0,SR,Dark,You,Permanent,-,Melee,-,Erune,-,Attack,https://gbf.wiki/You_(Event)
3268,7.5,SR,Fire,Aster,Permanent,-,Bow,-,Erune,-,Special,https://gbf.wiki/Aster
3132,7.5,SR,Fire,Gemini Sunrise,Tie-In / Collab,-,Katana,Gun,Human,-,Attack,https://gbf.wiki/Gemini_Sunrise
3204,7.5,SR,Fire,Grea,Permanent,-,Melee,-,Other,-,Attack,https://gbf.wiki/Grea_(Event)
3205,7.5,SR,Fire,Izuminokami Kanesada,Tie-In / Collab,-,Katana,-,Other,-,Attack,https://gbf.wiki/Izuminokami_Kanesada
3114,7.5,SR,Fire,Lina,Tie-In / Collab,-,Sabre,-,Human,-,Balanced,https://gbf.wiki/Lina
3161,7.5,SR,Fire,Miria Akagi,Tie-In / Collab,-,Staff,-,Human,-,Special,https://gbf.wiki/Miria_Akagi
3096,7.5,SR,Fire,Naoise,Permanent,-,Spear,-,Human,-,Defense,https://gbf.wiki/Naoise_(Event)
4133,7.5,SSR,Fire,Nina Drango,Permanent,-,Melee,-,Other,-,Attack,https://gbf.wiki/Nina_Drango
3242,7.5,SR,Water,Aliza,Permanent,-,Melee,-,Draph,-,Attack,https://gbf.wiki/Aliza_(Water)
3251,7.5,SR,Water,Cailana,Permanent,-,Melee,-,Erune,-,Attack,https://gbf.wiki/Cailana_(SR)
3198,7.5,SR,Water,Charlotta,Summer,-,Sabre,-,Harvin,-,Balanced,https://gbf.wiki/Charlotta_(Summer)
3006,7.5,SR,Water,Io,Permanent,-,Staff,-,Human,-,Heal,https://gbf.wiki/Io
3320,7.5,SR,Water,Joel,Permanent,-,Melee,-,Human,-,Heal,https://gbf.wiki/Joel_(SR)
3165,7.5,SR,Water,Lily,Permanent,-,Staff,-,Other,-,Heal,https://gbf.wiki/Lily_(Event)
3123,7.5,SR,Water,Lowain,Permanent,-,Dagger,-,Erune,-,Special,https://gbf.wiki/Lowain_(Event)
3176,7.5,SR,Water,Mina,Permanent,-,Sabre,-,Human,-,Balanced,https://gbf.wiki/Mina
3250,7.5,SR,Earth,Almeida,Summer,-,Axe,-,Draph,-,Attack,https://gbf.wiki/Almeida_(Summer)
3261,7.5,SR,Earth,Beatrix,Permanent,-,Sabre,-,Human,-,Attack,https://gbf.wiki/Beatrix_(SR)
3094,7.5,SR,Earth,Galadar,Permanent,-,Axe,-,Draph,-,Defense,https://gbf.wiki/Galadar_(SR)
3086,7.5,SR,Earth,Jin,Permanent,-,Katana,-,Human,-,Attack,https://gbf.wiki/Jin_(Ronin)
3229,7.5,SR,Earth,Mahira,Zodiac,-,Harp,-,Harvin,-,Special,https://gbf.wiki/Mahira_(Event)
3257,7.5,SR,Earth,Razia,Permanent,-,Spear,Gun,Draph,-,Defense,https://gbf.wiki/Razia_(SR)
3147,7.5,SR,Earth,Sara,Summer,-,Melee,-,Human,-,Defense,https://gbf.wiki/Sara_(Summer)
3020,7.5,SR,Earth,Soriz,Permanent,-,Melee,-,Human,-,Attack,https://gbf.wiki/Soriz
3252,7.5,SR,Earth,The Lowain Bros,Permanent,-,Dagger,Sabre,Erune,-,Special,https://gbf.wiki/The_Lowain_Bros
3192,7.5,SR,Wind,Charlotta,Permanent,-,Sabre,-,Harvin,-,Defense,https://gbf.wiki/Charlotta_(Event)
3278,7.5,SR,Wind,Krugne,Permanent,-,Staff,-,Erune,-,Special,https://gbf.wiki/Krugne_(SR)
3070,7.5,SR,Wind,Miku Maekawa,Tie-In / Collab,-,Melee,-,Human,-,Attack,https://gbf.wiki/Miku_Maekawa
3166,7.5,SR,Wind,Mimlemel and Stumpeye,Permanent,-,Melee,-,Harvin,-,Attack,https://gbf.wiki/Mimlemel_and_Stumpeye
3169,7.5,SR,Wind,Sen,Holiday,-,Melee,-,Erune,-,Attack,https://gbf.wiki/Sen_(Holiday)
3191,7.5,SR,Wind,Sevastien,Permanent,-,Sabre,-,Erune,-,Balanced,https://gbf.wiki/Sevastien
3194,7.5,SR,Wind,Shiki Ichinose,Tie-In / Collab,-,Staff,-,Human,-,Special,https://gbf.wiki/Shiki_Ichinose
3018,7.5,SR,Wind,Sutera,Permanent,-,Bow,-,Erune,-,Balanced,https://gbf.wiki/Sutera
3245,7.5,SR,Wind,Yuisis,Yukata,-,Sabre,Katana,Erune,-,Balanced,https://gbf.wiki/Yuisis_(Yukata)
3177,7.5,SR,Light,Albert,Permanent,-,Sabre,-,Human,-,Balanced,https://gbf.wiki/Albert_(Event)
3036,7.5,SR,Light,Arusha,Permanent,-,Staff,-,Erune,-,Balanced,https://gbf.wiki/Arusha
3269,7.5,SR,Light,Bridgette and Cordelia,Permanent,-,Sabre,Spear,Harvin,Human,Balanced,https://gbf.wiki/Bridgette_and_Cordelia
3131,7.5,SR,Light,Erica Fontaine,Tie-In / Collab,-,Gun,-,Human,-,Heal,https://gbf.wiki/Erica_Fontaine
3228,7.5,SR,Light,Feena,Holiday,-,Bow,-,Human,-,Attack,https://gbf.wiki/Feena_(Holiday)
3279,7.5,SR,Light,Kumbhira,Zodiac,-,Spear,Axe,Draph,-,Attack,https://gbf.wiki/Kumbhira_(Event)
3000,7.5,SR,Light,Naoise,Permanent,-,Spear,-,Human,-,Defense,https://gbf.wiki/Naoise_(Promo)
3039,7.5,SR,Light,Noa,Permanent,-,Staff,-,Primal,-,Special,https://gbf.wiki/Noa
3225,7.5,SR,Light,Sophia,Permanent,-,Staff,-,Human,-,Heal,https://gbf.wiki/Sophia_(SR)
3137,7.5,SR,Light,Tear Grants,Tie-In / Collab,-,Staff,-,Human,-,Balanced,https://gbf.wiki/Tear_Grants
3300,7.5,SR,Light,Tyre,Yukata,-,Sabre,Gun,Human,-,Balanced,https://gbf.wiki/Tyre_(Yukata)
3017,7.5,SR,Dark,Danua,Permanent,-,Dagger,-,Draph,-,Special,https://gbf.wiki/Danua
3188,7.5,SR,Dark,Deliford,Permanent,-,Spear,-,Human,-,Defense,https://gbf.wiki/Deliford_(SR)
3196,7.5,SR,Dark,Jamil,Permanent,-,Dagger,-,Human,-,Attack,https://gbf.wiki/Jamil_(Dark)
3051,7.5,SR,Dark,Mika Jougasaki,Tie-In / Collab,-,Dagger,-,Human,-,Special,https://gbf.wiki/Mika_Jougasaki
3246,7.5,SR,Dark,Olivia,Summer,-,Sabre,-,Primal,-,Balanced,https://gbf.wiki/Olivia_(Event)
3059,7.5,SR,Dark,Zaja,Permanent,-,Axe,-,Draph,-,Defense,https://gbf.wiki/Zaja
3011,7.0,SR,Fire,Abby,Permanent,-,Axe,-,Human,-,Attack,https://gbf.wiki/Abby_(Promo)
3003,7.0,SR,Fire,Alec,Permanent,-,Melee,-,Human,-,Attack,https://gbf.wiki/Alec
3015,7.0,SR,Fire,Aliza,Permanent,-,Melee,-,Draph,-,Attack,https://gbf.wiki/Aliza_(Event)
3154,7.0,SR,Fire,Barawa,Permanent,-,Gun,-,Draph,-,Attack,https://gbf.wiki/Barawa_(Event)
3046,7.0,SR,Fire,Carren,Permanent,-,Sabre,-,Human,-,Balanced,https://gbf.wiki/Carren
3200,7.0,SR,Fire,Carren,Summer,-,Sabre,-,Human,-,Attack,https://gbf.wiki/Carren_(Event)
3273,7.0,SR,Fire,Cassius,Yukata,-,Melee,Spear,Other,-,Balanced,https://gbf.wiki/Cassius_(Yukata)
3155,7.0,SR,Fire,Cucouroux,Permanent,-,Gun,-,Human,-,Attack,https://gbf.wiki/Cucouroux
3201,7.0,SR,Fire,Ghandagoza,Summer,-,Melee,-,Draph,-,Attack,https://gbf.wiki/Ghandagoza_(Summer)
3125,7.0,SR,Fire,Karin,Tie-In / Collab,-,Melee,-,Human,-,Attack,https://gbf.wiki/Karin
3171,7.0,SR,Fire,Lucius,Permanent,-,Sabre,-,Human,-,Attack,https://gbf.wiki/Lucius_(Fire)
3052,7.0,SR,Fire,Mio Honda,Tie-In / Collab,-,Gun,-,Human,-,Balanced,https://gbf.wiki/Mio_Honda
3168,7.0,SR,Fire,Percival,Permanent,-,Sabre,-,Human,-,Attack,https://gbf.wiki/Percival_(Event)
3088,7.0,SR,Fire,Rika Jougasaki,Tie-In / Collab,-,Spear,-,Human,-,Attack,https://gbf.wiki/Rika_Jougasaki
3256,7.0,SR,Fire,Rosine,Permanent,-,Gun,-,Human,-,Heal,https://gbf.wiki/Rosine_(SR)
3127,7.0,SR,Fire,Sen,Permanent,-,Melee,-,Erune,-,Attack,https://gbf.wiki/Sen
3187,7.0,SR,Fire,Sutera,Permanent,-,Bow,-,Erune,-,Balanced,https://gbf.wiki/Sutera_(Event)
3236,7.0,SR,Fire,Teena,Valentine,-,Staff,-,Human,-,Balanced,https://gbf.wiki/Teena_(Valentine)
3034,7.0,SR,Fire,Teena,Permanent,-,Staff,-,Human,-,Heal,https://gbf.wiki/Teena
3062,7.0,SR,Fire,Therese,Permanent,-,Sabre,-,Human,-,Balanced,https://gbf.wiki/Therese
3233,7.0,SR,Fire,Zooey,Permanent,-,Spear,-,Primal,-,Special,https://gbf.wiki/Zooey_(Event)
3160,7.0,SR,Water,Anastasia,Tie-In / Collab,-,Sabre,-,Human,-,Attack,https://gbf.wiki/Anastasia
3012,7.0,SR,Water,Ange,Permanent,-,Sabre,-,Human,-,Balanced,https://gbf.wiki/Ange
3152,7.0,SR,Water,Camieux,Summer,-,Gun,-,Draph,-,Special,https://gbf.wiki/Camieux_(Summer)
3105,7.0,SR,Water,Chun-Li,Tie-In / Collab,-,Melee,-,Human,-,Attack,https://gbf.wiki/Chun-Li
3150,7.0,SR,Water,Diantha,Permanent,-,Harp,-,Human,-,Special,https://gbf.wiki/Diantha_(Promo)
3164,7.0,SR,Water,Erin,Permanent,-,Staff,-,Other,-,Heal,https://gbf.wiki/Erin
3248,7.0,SR,Water,Farrah,Summer,-,Sabre,-,Human,-,Attack,https://gbf.wiki/Farrah_(Summer)
3069,7.0,SR,Water,Mizuki Kawashima,Tie-In / Collab,-,Staff,-,Human,-,Heal,https://gbf.wiki/Mizuki_Kawashima
3115,7.0,SR,Water,Naga,Tie-In / Collab,-,Sabre,-,Human,-,Balanced,https://gbf.wiki/Naga
3041,7.0,SR,Water,Rin Shibuya,Tie-In / Collab,-,Sabre,-,Human,-,Attack,https://gbf.wiki/Rin_Shibuya
3076,7.0,SR,Water,Sahli Lao,Permanent,-,Bow,-,Harvin,-,Balanced,https://gbf.wiki/Sahli_Lao
3106,7.0,SR,Water,Sig,Permanent,-,Sabre,Spear,Human,-,Attack,https://gbf.wiki/Sig
3091,7.0,SR,Water,Suframare,Summer,-,Staff,-,Harvin,-,Special,https://gbf.wiki/Suframare_(Summer)
3014,7.0,SR,Water,Ulamnuran,Permanent,-,Spear,-,Harvin,-,Special,https://gbf.wiki/Ulamnuran
3223,7.0,SR,Water,Yuel,Permanent,-,Katana,Harp,Erune,-,Balanced,https://gbf.wiki/Yuel_(Event)
3121,7.0,SR,Earth,Airi Totoki,Tie-In / Collab,-,Sabre,-,Human,-,Defense,https://gbf.wiki/Airi_Totoki
3139,7.0,SR,Earth,Almeida,Permanent,-,Axe,-,Draph,-,Attack,https://gbf.wiki/Almeida
3071,7.0,SR,Earth,Anzu Futaba,Tie-In / Collab,-,Gun,-,Human,-,Special,https://gbf.wiki/Anzu_Futaba
3184,7.0,SR,Earth,Cain,Permanent,-,Katana,-,Human,-,Special,https://gbf.wiki/Cain
3264,7.0,SR,Earth,Catherine,Permanent,-,Gun,-,Erune,-,Special,https://gbf.wiki/Catherine_(SR)
3007,7.0,SR,Earth,Eugen,Permanent,-,Gun,-,Human,-,Balanced,https://gbf.wiki/Eugen
3175,7.0,SR,Earth,Herja,Permanent,-,Sabre,-,Human,-,Balanced,https://gbf.wiki/Herja_(SR)
3159,7.0,SR,Earth,Jessica,Permanent,-,Gun,-,Human,-,Special,https://gbf.wiki/Jessica
3178,7.0,SR,Earth,Jin,Summer,-,Katana,-,Human,-,Heal,https://gbf.wiki/Jin_(Summer)
3022,7.0,SR,Earth,Jin,Permanent,-,Sabre,-,Human,-,Attack,https://gbf.wiki/Jin_(Event)
3149,7.0,SR,Earth,J.J.,Summer,-,Harp,-,Human,-,Special,https://gbf.wiki/J.J._(Summer)
3275,7.0,SR,Earth,La Coiffe,Permanent,-,Sabre,-,Erune,-,Heal,https://gbf.wiki/La_Coiffe_(SR)
3055,7.0,SR,Earth,Ladiva,Permanent,-,Melee,-,Draph,-,Attack,https://gbf.wiki/Ladiva
3013,7.0,SR,Earth,Lamretta,Permanent,-,Staff,-,Draph,-,Balanced,https://gbf.wiki/Lamretta
3241,7.0,SR,Earth,Leona,Permanent,-,Spear,-,Human,-,Attack,https://gbf.wiki/Leona
3220,7.0,SR,Earth,Mimlemel and Pun-Kin,Halloween,-,Harp,Melee,Harvin,-,Attack,https://gbf.wiki/Mimlemel_and_Pun-Kin_(Halloween)
3122,7.0,SR,Earth,Redluck,Permanent,-,Melee,-,Draph,-,Special,https://gbf.wiki/Redluck
3243,7.0,SR,Earth,Vanzza,Permanent,-,Melee,-,Draph,-,Attack,https://gbf.wiki/Vanzza_(SR)
3276,7.0,SR,Earth,Zaja,Halloween,-,Axe,-,Draph,-,Defense,https://gbf.wiki/Zaja_(Halloween)
3170,7.0,SR,Wind,Andira,Zodiac,-,Staff,-,Erune,-,Balanced,https://gbf.wiki/Andira_(Event)
3179,7.0,SR,Wind,Arisa,Tie-In / Collab,-,Bow,-,Other,-,Balanced,https://gbf.wiki/Arisa
3226,7.0,SR,Wind,Arthur,Permanent,-,Sabre,-,Human,-,Balanced,https://gbf.wiki/Arthur_(Event)
3255,7.0,SR,Wind,Arthur and Mordred,Permanent,-,Sabre,-,Human,Erune,Balanced,https://gbf.wiki/Arthur_and_Mordred
3202,7.0,SR,Wind,Chloe,Summer,-,Melee,-,Erune,-,Special,https://gbf.wiki/Chloe_(Summer)
3035,7.0,SR,Wind,Feena,Permanent,-,Bow,-,Human,-,Balanced,https://gbf.wiki/Feena_(Event)
3100,7.0,SR,Wind,Goblin Mage,Permanent,-,Staff,-,Other,-,Special,https://gbf.wiki/Goblin_Mage
3066,7.0,SR,Wind,Hazen,Permanent,-,Staff,Melee,Human,-,Heal,https://gbf.wiki/Hazen_(SR)
3280,7.0,SR,Wind,Joy,Permanent,-,Melee,Gun,Other,-,Special,https://gbf.wiki/Joy_(Event)
3222,7.0,SR,Wind,Karteira,Permanent,-,Melee,-,Erune,-,Special,https://gbf.wiki/Karteira_(SR)
3024,7.0,SR,Wind,Keehar,Permanent,-,Bow,-,Erune,-,Balanced,https://gbf.wiki/Keehar
3266,7.0,SR,Wind,Korwa,Fantasy,-,Sabre,-,Erune,-,Balanced,https://gbf.wiki/Korwa_(SR)
3043,7.0,SR,Wind,Mimlemel,Permanent,-,Harp,-,Harvin,-,Special,https://gbf.wiki/Mimlemel
3126,7.0,SR,Wind,Rashid,Tie-In / Collab,-,Melee,-,Human,-,Attack,https://gbf.wiki/Rashid
3238,7.0,SR,Wind,Tōru Amuro,Tie-In / Collab,-,Melee,-,Human,-,Attack,https://gbf.wiki/T%C5%8Dru_Amuro
3099,7.0,SR,Wind,Tsubasa Kashiwagi,Tie-In / Collab,-,Gun,-,Human,-,Balanced,https://gbf.wiki/Tsubasa_Kashiwagi
3181,7.0,SR,Wind,Tyre,Permanent,-,Sabre, gun,Human,-,Special,https://gbf.wiki/Tyre
3065,7.0,SR,Light,Amira,Permanent,-,Melee,-,Other,-,Attack,https://gbf.wiki/Amira_(Promo)
3065,7.0,SR,Light,Amira,Permanent,-,Melee,-,Other,-,Attack,https://gbf.wiki/Amira_(Promo)
3053,7.0,SR,Light,Baotorda,Permanent,-,Sabre,-,Draph,-,Defense,https://gbf.wiki/Baotorda
3239,7.0,SR,Light,Barawa,Permanent,-,Gun,-,Draph,-,Attack,https://gbf.wiki/Barawa_(SR)
3074,7.0,SR,Light,Ceylan,Permanent,-,Staff,-,Erune,-,Heal,https://gbf.wiki/Ceylan_(Event)
3210,7.0,SR,Light,Ezecrain,Permanent,-,Melee,-,Human,-,Special,https://gbf.wiki/Ezecrain_(Event)
3140,7.0,SR,Light,Johann,Permanent,-,Staff,-,Human,-,Heal,https://gbf.wiki/Johann
3270,7.0,SR,Light,Philosophia,Permanent,-,Staff,Melee,Harvin,-,Special,https://gbf.wiki/Philosophia_(SR)
3049,7.0,SR,Light,Rosamia,Permanent,-,Sabre,-,Human,-,Balanced,https://gbf.wiki/Rosamia_(SR)
3040,7.0,SR,Light,Uzuki Shimamura,Tie-In / Collab,-,Sabre,-,Human,-,Balanced,https://gbf.wiki/Uzuki_Shimamura
3189,7.0,SR,Dark,Cagliostro,Permanent,-,Staff,-,Human,-,Heal,https://gbf.wiki/Cagliostro_(Event)
3262,7.0,SR,Dark,Cassius,Permanent,-,Melee,Spear,Other,-,Balanced,https://gbf.wiki/Cassius_(Event)
3090,7.0,SR,Dark,Koume Shirasaka,Tie-In / Collab,-,Staff,-,Human,-,Special,https://gbf.wiki/Koume_Shirasaka
3033,7.0,SR,Dark,Lucius,Permanent,-,Sabre,-,Human,-,Attack,https://gbf.wiki/Lucius
3234,7.0,SR,Dark,Randall,Permanent,-,Melee,-,Human,-,Attack,https://gbf.wiki/Randall_(SR)
3162,7.0,SR,Dark,Ranko Kanzaki,Tie-In / Collab,-,Staff,-,Human,-,Attack,https://gbf.wiki/Ranko_Kanzaki
3167,7.0,SR,Dark,Tanya,Permanent,-,Dagger,-,Human,-,Attack,https://gbf.wiki/Tanya_(SR)
3084,7.0,SR,Dark,Tanya,Summer,-,Dagger,-,Human,-,Balanced,https://gbf.wiki/Tanya_(Summer)
3110,6.5,SR,Fire,Anila,Zodiac,-,Spear,-,Draph,-,Special,https://gbf.wiki/Anila_(Event)
3203,6.5,SR,Fire,Blazing Teacher Elmott,Permanent,-,Staff,-,Erune,-,Balanced,https://gbf.wiki/Blazing_Teacher_Elmott
3146,6.5,SR,Fire,Cecile,Permanent,-,Harp,-,Erune,-,Special,https://gbf.wiki/Cecile
2044,6.5,R,Fire,Dante,Permanent,-,Staff,-,Human,-,Attack,https://gbf.wiki/Dante
3083,6.5,SR,Fire,Elmott,Summer,-,Staff,-,Erune,-,Attack,https://gbf.wiki/Elmott_(Summer)
3232,6.5,SR,Fire,Ippatsu,Permanent,-,Melee,-,Human,-,Special,https://gbf.wiki/Ippatsu_(SR)
3016,6.5,SR,Fire,Jessica,Permanent,-,Gun,-,Human,-,Balanced,https://gbf.wiki/Jessica_(Event)
3230,6.5,SR,Fire,Karva,Permanent,-,Gun,-,Draph,-,Special,https://gbf.wiki/Karva_(SR)
3068,6.5,SR,Fire,Mary,Permanent,-,Gun,-,Human,-,Balanced,https://gbf.wiki/Mary_(SR)
3080,6.5,SR,Fire,Milla Maxwell,Tie-In / Collab,-,Sabre,-,Other,-,Attack,https://gbf.wiki/Milla_Maxwell
3008,6.5,SR,Fire,Rackam,Permanent,-,Gun,-,Human,-,Special,https://gbf.wiki/Rackam
3208,6.5,SR,Fire,Reinhardtzar,Permanent,-,Melee,-,Draph,-,Attack,https://gbf.wiki/Reinhardtzar
3119,6.5,SR,Fire,Ryan,Permanent,-,Axe,-,Human,-,Attack,https://gbf.wiki/Ryan_(SR)
3136,6.5,SR,Fire,Stahn Aileron,Tie-In / Collab,-,Sabre,-,Human,-,Attack,https://gbf.wiki/Stahn_Aileron
3098,6.5,SR,Water,Kaoru Sakuraba,Tie-In / Collab,-,Dagger,-,Human,-,Special,https://gbf.wiki/Kaoru_Sakuraba
3186,6.5,SR,Water,Lamretta,Permanent,-,Melee,-,Draph,-,Special,https://gbf.wiki/Lamretta_(Water)
3108,6.5,SR,Water,Lancelot,Permanent,-,Sabre,Dagger,Human,-,Attack,https://gbf.wiki/Lancelot_(Event)
3247,6.5,SR,Water,Lilele,Summer,-,Harp,-,Harvin,-,Special,https://gbf.wiki/Lilele_(Summer)
3064,6.5,SR,Water,Milleore,Permanent,-,Bow,-,Harvin,-,Balanced,https://gbf.wiki/Milleore
3002,6.5,SR,Water,Mishra,Permanent,-,Staff,-,Erune,-,Special,https://gbf.wiki/Mishra
3145,6.5,SR,Water,Pamela,Permanent,-,Harp,-,Human,-,Special,https://gbf.wiki/Pamela
3153,6.5,SR,Water,Pengy,Permanent,-,Gun,Melee,Human,-,Defense,https://gbf.wiki/Pengy
3107,6.5,SR,Water,Vane,Permanent,-,Spear, axe,Human,-,Defense,https://gbf.wiki/Vane
3047,6.5,SR,Water,Vane,Permanent,-,Spear, axe,Human,-,Defense,https://gbf.wiki/Vane_(Event)
3143,6.5,SR,Earth,Augusta,Permanent,-,Harp,-,Draph,-,Special,https://gbf.wiki/Augusta
3240,6.5,SR,Earth,Carmelina,Permanent,-,Dagger,-,Draph,-,Special,https://gbf.wiki/Carmelina_(SR)
3057,6.5,SR,Earth,Claudia,Permanent,-,Melee,-,Human,-,Attack,https://gbf.wiki/Claudia
3085,6.5,SR,Earth,Eugen,Summer,-,Gun,-,Human,-,Attack,https://gbf.wiki/Eugen_(Summer)
3038,6.5,SR,Earth,Juri,Permanent,-,Sabre,-,Human,-,Balanced,https://gbf.wiki/Juri_(Event)
3089,6.5,SR,Earth,Kanako Mimura,Tie-In / Collab,-,Staff,-,Human,-,Heal,https://gbf.wiki/Kanako_Mimura
3133,6.5,SR,Earth,Laguna,Permanent,-,Spear,-,Draph,-,Special,https://gbf.wiki/Laguna
3045,6.5,SR,Earth,Mariah,Permanent,-,Spear,-,Human,-,Attack,https://gbf.wiki/Mariah
3048,6.5,SR,Earth,Rackam,Holiday,-,Gun,-,Human,-,Special,https://gbf.wiki/Rackam_(Holiday)
3112,6.5,SR,Earth,Skull,Permanent,-,Gun,-,Harvin,-,Attack,https://gbf.wiki/Skull_(Event)
3206,6.5,SR,Earth,Yamanbagiri Kunihiro,Tie-In / Collab,-,Katana,-,Other,-,Special,https://gbf.wiki/Yamanbagiri_Kunihiro
3128,6.5,SR,Wind,Eso,Permanent,-,Axe,-,Human,-,Balanced,https://gbf.wiki/Eso_(SR)
3103,6.5,SR,Wind,Farrah,Permanent,-,Sabre,-,Human,-,Defense,https://gbf.wiki/Farrah_(Event)
3031,6.5,SR,Wind,Helnar,Summer,-,Sabre,-,Erune,-,Special,https://gbf.wiki/Helnar_(Summer)
3151,6.5,SR,Wind,Jin,Summer,-,Katana,-,Human,-,Balanced,https://gbf.wiki/Jin_(Wind)
3087,6.5,SR,Wind,Lecia,Summer,-,Sabre,-,Human,-,Balanced,https://gbf.wiki/Lecia_(Summer)
3144,6.5,SR,Wind,Robertina,Permanent,-,Harp,-,Harvin,-,Special,https://gbf.wiki/Robertina
3104,6.5,SR,Wind,Ryu,Tie-In / Collab,-,Melee,-,Human,-,Attack,https://gbf.wiki/Ryu
3130,6.5,SR,Wind,Sakura Shinguji,Tie-In / Collab,-,Katana,-,Human,-,Balanced,https://gbf.wiki/Sakura_Shinguji
3116,6.5,SR,Light,Daetta,Permanent,-,Axe,-,Draph,-,Attack,https://gbf.wiki/Daetta_(SR)
3244,6.5,SR,Light,Elta,Permanent,-,Harp,-,Human,-,Special,https://gbf.wiki/Elta_(Light)
3101,6.5,SR,Light,Ferry,Halloween,-,Dagger,-,Erune,-,Special,https://gbf.wiki/Ferry_(Halloween)
3050,6.5,SR,Light,Johann,Permanent,-,Staff,-,Human,-,Heal,https://gbf.wiki/Johann_(Event)
3109,6.5,SR,Light,Ladiva,Holiday,-,Melee,-,Draph,-,Attack,https://gbf.wiki/Ladiva_(Holiday)
3174,6.5,SR,Light,Nakoruru,Tie-In / Collab,-,Katana,-,Human,-,Attack,https://gbf.wiki/Nakoruru
3142,6.5,SR,Light,Novei,Permanent,-,Harp,-,Human,-,Special,https://gbf.wiki/Novei
3082,6.5,SR,Light,Sophie,Tie-In / Collab,-,Melee,-,Other,-,Attack,https://gbf.wiki/Sophie
3117,6.5,SR,Light,Soriz,Permanent,-,Melee,-,Human,-,Defense,https://gbf.wiki/Soriz_(Event)
3180,6.5,SR,Dark,Luna,Tie-In / Collab,-,Staff,-,Human,-,Special,https://gbf.wiki/Luna
3129,6.5,SR,Dark,Stan,Permanent,-,Sabre,-,Erune,-,Balanced,https://gbf.wiki/Stan_(Event)
3081,6.5,SR,Dark,Yuri Lowell,Tie-In / Collab,-,Katana,-,Human,-,Attack,https://gbf.wiki/Yuri_Lowell
3060,6.5,SR,Dark,Zehek,Permanent,-,Dagger,-,Human,-,Balanced,https://gbf.wiki/Zehek_(Event)
2072,6.5,R,Any,Young Cat,Permanent,-,Melee,-,Other,-,Special,https://gbf.wiki/Young_Cat_(Event)
3095,6.0,SR,Fire,Anna,Permanent,-,Staff,-,Human,-,Attack,https://gbf.wiki/Anna_(SR)
2034,6.0,R,Fire,Barawa,Permanent,-,Gun,-,Draph,-,Attack,https://gbf.wiki/Barawa
3030,6.0,SR,Fire,Jessica,Summer,-,Gun,-,Human,-,Special,https://gbf.wiki/Jessica_(Summer)
3063,6.0,SR,Fire,Sarya,Permanent,-,Gun,-,Draph,-,Special,https://gbf.wiki/Sarya_(Event)
3097,6.0,SR,Fire,Teru Tendo,Tie-In / Collab,-,Sabre,-,Human,-,Attack,https://gbf.wiki/Teru_Tendo
2062,6.0,R,Water,Cailana,Permanent,-,Melee,-,Erune,-,Attack,https://gbf.wiki/Cailana
3077,6.0,SR,Water,Romeo,Permanent,-,Sabre,-,Human,-,Balanced,https://gbf.wiki/Romeo_(Event)
3028,6.0,SR,Water,Sig,Permanent,-,Spear,-,Human,-,Attack,https://gbf.wiki/Sig_(Event)
3001,6.0,SR,Water,Therese,Permanent,-,Sabre,-,Human,-,Special,https://gbf.wiki/Therese_(Event)
3037,6.0,SR,Earth,Farrah,Permanent,-,Sabre,-,Human,-,Balanced,https://gbf.wiki/Farrah_(SR)
3157,6.0,SR,Earth,Paris,Permanent,-,Sabre,-,Human,-,Defense,https://gbf.wiki/Paris_(Event)
3044,6.0,SR,Wind,Aster,Permanent,-,Bow,-,Erune,-,Balanced,https://gbf.wiki/Aster_(Event)
3025,6.0,SR,Wind,Elta,Permanent,-,Harp,-,Human,-,Special,https://gbf.wiki/Elta
3173,6.0,SR,Wind,Haohmaru,Tie-In / Collab,-,Katana,-,Human,-,Attack,https://gbf.wiki/Haohmaru
3067,6.0,SR,Wind,Syr,Permanent,-,Dagger,-,Human,-,Special,https://gbf.wiki/Syr_(Event)
3032,6.0,SR,Light,Ferry,Permanent,-,Dagger,-,Erune,-,Special,https://gbf.wiki/Ferry
3075,6.0,SR,Light,J.J.,Permanent,-,Harp,-,Human,-,Special,https://gbf.wiki/J.J.
3079,6.0,SR,Light,Robomi,Permanent,-,Gun,-,Other,-,Special,https://gbf.wiki/Robomi_(Event)
3120,6.0,SR,Light,Sachiko Koshimizu,Tie-In / Collab,-,Axe,-,Human,-,Special,https://gbf.wiki/Sachiko_Koshimizu
3209,6.0,SR,Light,Sarya,Permanent,-,Gun,-,Draph,-,Special,https://gbf.wiki/Sarya
3042,6.0,SR,Dark,Ange,Halloween,-,Sabre,-,Human,-,Attack,https://gbf.wiki/Ange_(Halloween)
2061,6.0,R,Dark,Lunalu,Summer,-,Staff,-,Harvin,-,Special,https://gbf.wiki/Lunalu_(Summer)
2050,6.0,R,Dark,Lunalu,Permanent,-,Staff,-,Harvin,-,Special,https://gbf.wiki/Lunalu
3235,6.0,SR,Dark,Narmaya,Valentine,-,Katana,-,Draph,-,Attack,https://gbf.wiki/Narmaya_(Valentine)
3019,6.0,SR,Dark,Vira,Permanent,-,Sabre,-,Human,-,Attack,https://gbf.wiki/Vira
3058,5.5,SR,Fire,Dorothy,Permanent,-,Gun,-,Human,-,Special,https://gbf.wiki/Dorothy
3023,5.5,SR,Fire,Elmott,Permanent,-,Staff,-,Erune,-,Attack,https://gbf.wiki/Elmott
2060,5.5,R,Fire,Ippatsu,Summer,-,Melee,-,Human,-,Special,https://gbf.wiki/Ippatsu_(Summer)
2048,5.5,R,Water,Bridgette,Permanent,-,Sabre,-,Harvin,-,Special,https://gbf.wiki/Bridgette
3073,5.5,SR,Water,Pengy,Permanent,-,Gun,-,Human,-,Defense,https://gbf.wiki/Pengy_(Event)
2070,5.5,R,Water,Randall,Permanent,-,Melee,-,Human,-,Attack,https://gbf.wiki/Randall
2055,5.5,R,Earth,Balurga,Permanent,-,Melee,-,Harvin,-,Attack,https://gbf.wiki/Balurga
2058,5.5,R,Earth,La Coiffe,Permanent,-,Sabre,-,Erune,-,Special,https://gbf.wiki/La_Coiffe
3056,5.5,SR,Earth,Volenna,Permanent,-,Sabre,-,Human,-,Defense,https://gbf.wiki/Volenna_(Event)
2059,5.5,R,Wind,Chloe,Permanent,-,Melee,-,Erune,-,Special,https://gbf.wiki/Chloe
3072,5.5,SR,Wind,Lecia,Permanent,-,Sabre,-,Human,-,Balanced,https://gbf.wiki/Lecia
3010,5.5,SR,Wind,Rosetta,Permanent,-,Dagger,-,Other,-,Balanced,https://gbf.wiki/Rosetta
2056,5.5,R,Wind,Thelonim,Permanent,-,Sabre,-,Erune,-,Special,https://gbf.wiki/Thelonim
2064,5.5,R,Light,Cordelia,Permanent,-,Sabre,-,Human,-,Defense,https://gbf.wiki/Cordelia
2054,5.5,R,Light,Vermeil,Permanent,-,Dagger,-,Harvin,-,Balanced,https://gbf.wiki/Vermeil
2031,5.5,R,Dark,Lowain,Permanent,-,Dagger,-,Erune,-,Attack,https://gbf.wiki/Lowain
2063,5.0,R,Fire,Drusilla,Permanent,-,Dagger,-,Harvin,-,Special,https://gbf.wiki/Drusilla
2049,5.0,R,Fire,Flesselles,Permanent,-,Bow,-,Erune,-,Balanced,https://gbf.wiki/Flesselles
2038,5.0,R,Fire,Ippatsu,Permanent,-,Melee,-,Human,-,Special,https://gbf.wiki/Ippatsu
2036,5.0,R,Fire,Karva,Permanent,-,Gun,-,Draph,-,Balanced,https://gbf.wiki/Karva
2057,5.0,R,Fire,Rosine,Permanent,-,Gun,-,Human,-,Heal,https://gbf.wiki/Rosine
2040,5.0,R,Water,Joel,Permanent,-,Melee,-,Human,-,Balanced,https://gbf.wiki/Joel
2029,5.0,R,Water,Suframare,Permanent,-,Staff,-,Harvin,-,Heal,https://gbf.wiki/Suframare
2047,5.0,R,Earth,Camieux,Permanent,-,Gun,-,Draph,-,Special,https://gbf.wiki/Camieux_(Earth)
2004,5.0,R,Earth,Galadar,Permanent,-,Axe,-,Draph,-,Defense,https://gbf.wiki/Galadar
2007,5.0,R,Earth,Volenna,Permanent,-,Sabre,-,Human,-,Defense,https://gbf.wiki/Volenna
2043,5.0,R,Wind,Karteira,Permanent,-,Melee,-,Erune,-,Special,https://gbf.wiki/Karteira
2024,5.0,R,Light,Daetta,Permanent,-,Axe,-,Draph,-,Attack,https://gbf.wiki/Daetta
2039,5.0,R,Light,Philosophia,Permanent,-,Staff,-,Harvin,-,Heal,https://gbf.wiki/Philosophia
2041,5.0,R,Dark,Lowain,Summer,-,Dagger,-,Erune,-,Attack,https://gbf.wiki/Lowain_(Summer)
3185,5.0,SR,Dark,Ludmila,Permanent,-,Gun,-,Harvin,-,Attack,https://gbf.wiki/Ludmila
2008,4.5,R,Fire,Anna,Permanent,-,Staff,-,Human,-,Attack,https://gbf.wiki/Anna
2032,4.5,R,Fire,Camieux,Permanent,-,Gun,-,Draph,-,Special,https://gbf.wiki/Camieux
3027,4.5,SR,Fire,Ezecrain,Permanent,-,Dagger,-,Human,-,Special,https://gbf.wiki/Ezecrain
2023,4.5,R,Fire,Mary,Summer,-,Gun,-,Human,-,Balanced,https://gbf.wiki/Mary_(Summer)
2000,4.5,R,Fire,Ryan,Permanent,-,Axe,-,Human,-,Attack,https://gbf.wiki/Ryan
2046,4.5,R,Fire,Viceroy,Permanent,-,Axe,-,Human,-,Special,https://gbf.wiki/Viceroy
2053,4.5,R,Water,Alistair,Permanent,-,Staff,-,Harvin,-,Special,https://gbf.wiki/Alistair
2027,4.5,R,Earth,Garma,Permanent,-,Gun,-,Draph,-,Balanced,https://gbf.wiki/Garma
2001,4.5,R,Earth,Herja,Permanent,-,Sabre,-,Human,-,Balanced,https://gbf.wiki/Herja
2051,4.5,R,Earth,Nene,Permanent,-,Melee,-,Human,-,Special,https://gbf.wiki/Nene
2033,4.5,R,Earth,Norcel,Permanent,-,Staff,-,Harvin,-,Special,https://gbf.wiki/Norcel
3021,4.5,SR,Earth,Sara,Permanent,-,Melee,-,Human,-,Defense,https://gbf.wiki/Sara_(Event)
2037,4.5,R,Earth,Vanzza,Permanent,-,Melee,-,Draph,-,Attack,https://gbf.wiki/Vanzza
2011,4.5,R,Wind,Petra,Permanent,-,Staff,-,Human,-,Heal,https://gbf.wiki/Petra
2019,4.5,R,Wind,Stan,Permanent,-,Sabre,-,Erune,-,Attack,https://gbf.wiki/Stan
2020,4.5,R,Light,Feather,Permanent,-,Melee,-,Human,-,Attack,https://gbf.wiki/Feather
2018,4.5,R,Light,Rosamia,Permanent,-,Sabre,-,Human,-,Balanced,https://gbf.wiki/Rosamia
2066,4.5,R,Dark,Bakura,Permanent,-,Harp,-,Draph,-,Balanced,https://gbf.wiki/Bakura
3054,4.5,SR,Dark,Rita,Permanent,-,Staff,-,Human,-,Special,https://gbf.wiki/Rita
2015,4.5,R,Dark,Tanya,Permanent,-,Dagger,-,Human,-,Balanced,https://gbf.wiki/Tanya
2017,4.5,R,Dark,Zehek,Permanent,-,Dagger,-,Human,-,Attack,https://gbf.wiki/Zehek
2021,4.0,R,Fire,Anna,Summer,-,Staff,-,Human,-,Attack,https://gbf.wiki/Anna_(Summer)
2025,4.0,R,Fire,Elmelaura,Permanent,-,Axe,-,Harvin,-,Special,https://gbf.wiki/Elmelaura
2052,4.0,R,Fire,Lamretta,Permanent,-,Staff,-,Draph,-,Special,https://gbf.wiki/Lamretta_(R)
2016,4.0,R,Fire,Mary,Permanent,-,Gun,-,Human,-,Balanced,https://gbf.wiki/Mary
2005,4.0,R,Water,Deliford,Permanent,-,Spear,-,Human,-,Defense,https://gbf.wiki/Deliford
2030,4.0,R,Water,Yodarha,Permanent,-,Sabre, katana,Harvin,-,Balanced,https://gbf.wiki/Yodarha
2006,4.0,R,Earth,Farrah,Permanent,-,Sabre,-,Human,-,Balanced,https://gbf.wiki/Farrah
2012,4.0,R,Earth,Jasmine,Permanent,-,Spear,-,Human,-,Heal,https://gbf.wiki/Jasmine
2013,4.0,R,Earth,Walder,Permanent,-,Dagger,-,Human,-,Balanced,https://gbf.wiki/Walder
2022,4.0,R,Earth,Walder,Summer,-,Dagger,-,Human,-,Balanced,https://gbf.wiki/Walder_(Summer)
2028,4.0,R,Earth,Walder,Holiday,-,Dagger,-,Human,-,Balanced,https://gbf.wiki/Walder_(Holiday)
2002,4.0,R,Wind,Eso,Permanent,-,Axe,-,Human,-,Attack,https://gbf.wiki/Eso
2009,4.0,R,Wind,Hazen,Permanent,-,Staff,Melee,Human,-,Defense,https://gbf.wiki/Hazen
2026,4.0,R,Wind,Leonora,Permanent,-,Dagger,-,Harvin,-,Balanced,https://gbf.wiki/Leonora
2045,4.0,R,Wind,Pavidus,Permanent,-,Dagger,-,Draph,-,Defense,https://gbf.wiki/Pavidus
2010,4.0,R,Dark,Will,Permanent,-,Sabre,Staff,Human,-,Special,https://gbf.wiki/Will
2035,3.5,R,Wind,Krugne,Permanent,-,Sabre,-,Erune,-,Special,https://gbf.wiki/Krugne
2014,3.0,R,Water,Richard,Permanent,-,Gun,-,Human,-,Special,https://gbf.wiki/Richard
